0.0,0,4,1,31,1,0.0,0.0,0.0,0.0,0.0,0.0,0.0,0.0,0.0,19.249300000000005
0.0,1,4,1,31,1,0.0,0.0,0.0,0.0,0.0,0.0,0.0,0.0,0.0,19.626620000000003
0.0,2,4,1,31,1,0.0,0.0,0.0,0.0,0.0,0.0,0.0,0.0,0.0,19.96902
0.0,3,4,1,31,1,0.0,0.0,0.0,0.0,0.0,0.0,0.0,0.0,0.0,20.12752999999998
0.0,4,4,1,31,1,0.0,0.0,0.0,0.0,0.0,0.0,0.0,0.0,0.0,19.950679999999977
0.0,5,4,1,31,1,0.0,0.0,0.0,0.0,0.0,0.0,0.0,0.0,0.0,19.82740000000001
0.0,6,4,1,31,1,0.0,0.0,0.0,0.0,0.0,0.0,0.0,0.0,0.0,19.478520000000003
0.0,7,4,1,31,1,0.0,0.0,0.0,0.0,0.0,0.0,0.0,0.0,0.0,18.546420000000012
0.0,8,4,1,31,1,0.0,0.0,0.0,0.0,0.0,0.0,0.0,0.0,0.0,15.866120000000024
0.0,9,4,1,31,1,0.0,0.0,0.0,0.0,0.0,0.0,0.0,0.0,0.0,14.400179999999978
0.0,10,4,1,31,1,0.0,0.0,0.0,0.0,0.0,0.0,0.0,0.0,0.0,13.377659999999992
0.0,11,4,1,31,1,0.0,0.0,0.0,0.0,0.0,0.0,0.0,0.0,0.0,12.562470000000019
0.0,12,4,1,31,1,0.0,0.0,0.0,0.0,0.0,0.0,0.0,0.0,0.0,11.666080000000022
0.0,13,4,1,31,1,0.0,0.0,0.0,0.0,0.0,0.0,0.0,0.0,0.0,10.953550000000007
0.0,14,4,1,31,1,0.0,0.0,0.0,0.0,0.0,0.0,0.0,0.0,0.0,10.357399999999984
0.0,15,4,1,31,1,0.0,0.0,0.0,0.0,0.0,0.0,0.0,0.0,0.0,11.223749999999995
0.0,16,4,1,31,1,0.0,0.0,0.0,0.0,0.0,0.0,0.0,0.0,0.0,12.281220000000019
0.0,17,4,1,31,1,0.0,0.0,0.0,0.0,0.0,0.0,0.0,0.0,0.0,12.721600000000024
0.0,18,4,1,31,1,0.0,0.0,0.0,0.0,0.0,0.0,0.0,0.0,0.0,14.294129999999996
0.0,19,4,1,31,1,0.0,0.0,0.0,0.0,0.0,0.0,0.0,0.0,0.0,16.225700000000018
0.0,20,4,1,31,1,0.0,0.0,0.0,0.0,0.0,0.0,0.0,0.0,0.0,17.533630000000016
0.0,21,4,1,31,1,0.0,0.0,0.0,0.0,0.0,0.0,0.0,0.0,0.0,18.991899999999987
0.0,22,4,1,31,1,0.0,0.0,0.0,0.0,0.0,0.0,0.0,0.0,0.0,20.42610000000002
0.0,23,4,1,31,1,0.0,0.0,0.0,0.0,0.0,0.0,0.0,0.0,0.0,21.387879999999996
0.0,0,5,1,31,2,0.0,0.0,0.0,0.0,0.0,0.0,0.0,0.0,0.0,22.109159999999974
0.0,1,5,1,31,2,0.0,0.0,0.0,0.0,0.0,0.0,0.0,0.0,0.0,22.888120000000015
0.0,2,5,1,31,2,0.0,0.0,0.0,0.0,0.0,0.0,0.0,0.0,0.0,23.76569999999998
0.0,3,5,1,31,2,0.0,0.0,0.0,0.0,0.0,0.0,0.0,0.0,0.0,24.370360000000005
0.0,4,5,1,31,2,0.0,0.0,0.0,0.0,0.0,0.0,0.0,0.0,0.0,24.752380000000016
0.0,5,5,1,31,2,0.0,0.0,0.0,0.0,0.0,0.0,0.0,0.0,0.0,24.616460000000018
0.0,6,5,1,31,2,0.0,0.0,0.0,0.0,0.0,0.0,0.0,0.0,0.0,23.63754
0.0,7,5,1,31,2,0.0,0.0,0.0,0.0,0.0,0.0,0.0,0.0,0.0,21.608979999999974
0.0,8,5,1,31,2,0.0,0.0,0.0,0.0,0.0,0.0,0.0,0.0,0.0,18.948300000000017
0.0,9,5,1,31,2,0.0,0.0,0.0,0.0,0.0,0.0,0.0,0.0,0.0,17.35757000000001
0.0,10,5,1,31,2,0.0,0.0,0.0,0.0,0.0,0.0,0.0,0.0,0.0,15.67953
0.0,11,5,1,31,2,0.0,0.0,0.0,0.0,0.0,0.0,0.0,0.0,0.0,15.191959999999995
0.0,12,5,1,31,2,0.0,0.0,0.0,0.0,0.0,0.0,0.0,0.0,0.0,14.557999999999993
0.0,13,5,1,31,2,0.0,0.0,0.0,0.0,0.0,0.0,0.0,0.0,0.0,14.07877000000002
0.0,14,5,1,31,2,0.0,0.0,0.0,0.0,0.0,0.0,0.0,0.0,0.0,14.069700000000012
0.0,15,5,1,31,2,0.0,0.0,0.0,0.0,0.0,0.0,0.0,0.0,0.0,14.658569999999997
0.0,16,5,1,31,2,0.0,0.0,0.0,0.0,0.0,0.0,0.0,0.0,0.0,15.11651999999998
0.0,17,5,1,31,2,0.0,0.0,0.0,0.0,0.0,0.0,0.0,0.0,0.0,14.626950000000022
0.0,18,5,1,31,2,0.0,0.0,0.0,0.0,0.0,0.0,0.0,0.0,0.0,15.99939999999998
0.0,19,5,1,31,2,0.0,0.0,0.0,0.0,0.0,0.0,0.0,0.0,0.0,18.49441999999999
0.0,20,5,1,31,2,0.0,0.0,0.0,0.0,0.0,0.0,0.0,0.0,0.0,20.712400000000002
0.0,21,5,1,31,2,0.0,0.0,0.0,0.0,0.0,0.0,0.0,0.0,0.0,21.246429999999975
0.0,22,5,1,31,2,0.0,0.0,0.0,0.0,0.0,0.0,0.0,0.0,0.0,21.330539999999985
0.0,23,5,1,31,2,0.0,0.0,0.0,0.0,0.0,0.0,0.0,0.0,0.0,21.41852
0.0,0,6,1,31,3,0.0,0.0,0.0,0.0,0.0,0.0,0.0,0.0,0.0,21.54455999999999
0.0,1,6,1,31,3,0.0,0.0,0.0,0.0,0.0,0.0,0.0,0.0,0.0,21.864620000000002
0.0,2,6,1,31,3,0.0,0.0,0.0,0.0,0.0,0.0,0.0,0.0,0.0,22.029049999999984
0.0,3,6,1,31,3,0.0,0.0,0.0,0.0,0.0,0.0,0.0,0.0,0.0,21.920200000000023
0.0,4,6,1,31,3,0.0,0.0,0.0,0.0,0.0,0.0,0.0,0.0,0.0,21.553830000000005
0.0,5,6,1,31,3,0.0,0.0,0.0,0.0,0.0,0.0,0.0,0.0,0.0,20.792820000000006
0.0,6,6,1,31,3,0.0,0.0,0.0,0.0,0.0,0.0,0.0,0.0,0.0,19.769000000000005
0.0,7,6,1,31,3,0.0,0.0,0.0,0.0,0.0,0.0,0.0,0.0,0.0,18.399400000000014
0.0,8,6,1,31,3,0.0,0.0,0.0,0.0,0.0,0.0,0.0,0.0,0.0,16.724030000000027
0.0,9,6,1,31,3,0.0,0.0,0.0,0.0,0.0,0.0,0.0,0.0,0.0,15.94553000000002
0.0,10,6,1,31,3,0.0,0.0,0.0,0.0,0.0,0.0,0.0,0.0,0.0,15.581669999999974
0.0,11,6,1,31,3,0.0,0.0,0.0,0.0,0.0,0.0,0.0,0.0,0.0,14.984280000000012
0.0,12,6,1,31,3,0.0,0.0,0.0,0.0,0.0,0.0,0.0,0.0,0.0,14.011840000000007
0.0,13,6,1,31,3,0.0,0.0,0.0,0.0,0.0,0.0,0.0,0.0,0.0,13.182650000000024
0.0,14,6,1,31,3,0.0,0.0,0.0,0.0,0.0,0.0,0.0,0.0,0.0,12.705699999999979
0.0,15,6,1,31,3,0.0,0.0,0.0,0.0,0.0,0.0,0.0,0.0,0.0,12.37990000000002
0.0,16,6,1,31,3,0.0,0.0,0.0,0.0,0.0,0.0,0.0,0.0,0.0,12.028869999999984
0.0,17,6,1,31,3,0.0,0.0,0.0,0.0,0.0,0.0,0.0,0.0,0.0,11.856049999999982
0.0,18,6,1,31,3,0.0,0.0,0.0,0.0,0.0,0.0,0.0,0.0,0.0,13.332460000000026
0.0,19,6,1,31,3,0.0,0.0,0.0,0.0,0.0,0.0,0.0,0.0,0.0,15.059660000000008
0.0,20,6,1,31,3,0.0,0.0,0.0,0.0,0.0,0.0,0.0,0.0,0.0,17.68747000000002
0.0,21,6,1,31,3,0.0,0.0,0.0,0.0,0.0,0.0,0.0,0.0,0.0,19.42822000000001
0.0,22,6,1,31,3,0.0,0.0,0.0,0.0,0.0,0.0,0.0,0.0,0.0,20.109559999999988
0.0,23,6,1,31,3,0.0,0.0,0.0,0.0,0.0,0.0,0.0,0.0,0.0,20.83566000000002
0.0,0,0,1,31,4,0.0,0.0,0.0,0.0,0.0,0.0,0.0,0.0,0.0,21.420619999999985
0.0,1,0,1,31,4,0.0,0.0,0.0,0.0,0.0,0.0,0.0,0.0,0.0,22.210050000000024
0.0,2,0,1,31,4,0.0,0.0,0.0,0.0,0.0,0.0,0.0,0.0,0.0,22.947780000000023
0.0,3,0,1,31,4,0.0,0.0,0.0,0.0,0.0,0.0,0.0,0.0,0.0,23.244199999999978
0.0,4,0,1,31,4,0.0,0.0,0.0,0.0,0.0,0.0,0.0,0.0,0.0,22.91055
0.0,5,0,1,31,4,0.0,0.0,0.0,0.0,0.0,0.0,0.0,0.0,0.0,22.658569999999997
0.0,6,0,1,31,4,0.0,0.0,0.0,0.0,0.0,0.0,0.0,0.0,0.0,21.906619999999975
0.0,7,0,1,31,4,0.0,0.0,0.0,0.0,0.0,0.0,0.0,0.0,0.0,20.27722
0.0,8,0,1,31,4,0.0,0.0,0.0,0.0,0.0,0.0,0.0,0.0,0.0,19.193240000000003
0.0,9,0,1,31,4,0.0,0.0,0.0,0.0,0.0,0.0,0.0,0.0,0.0,19.11264
0.0,10,0,1,31,4,0.0,0.0,0.0,0.0,0.0,0.0,0.0,0.0,0.0,17.324099999999987
0.0,11,0,1,31,4,0.0,0.0,0.0,0.0,0.0,0.0,0.0,0.0,0.0,15.989379999999983
0.0,12,0,1,31,4,0.0,0.0,0.0,0.0,0.0,0.0,0.0,0.0,0.0,14.934419999999989
0.0,13,0,1,31,4,0.0,0.0,0.0,0.0,0.0,0.0,0.0,0.0,0.0,14.813229999999976
0.0,14,0,1,31,4,0.0,0.0,0.0,0.0,0.0,0.0,0.0,0.0,0.0,14.902249999999981
0.0,15,0,1,31,4,0.0,0.0,0.0,0.0,0.0,0.0,0.0,0.0,0.0,13.879599999999982
0.0,16,0,1,31,4,0.0,0.0,0.0,0.0,0.0,0.0,0.0,0.0,0.0,14.33420000000001
0.0,17,0,1,31,4,0.0,0.0,0.0,0.0,0.0,0.0,0.0,0.0,0.0,13.730439999999987
0.0,18,0,1,31,4,0.0,0.0,0.0,0.0,0.0,0.0,0.0,0.0,0.0,15.086180000000013
0.0,19,0,1,31,4,0.0,0.0,0.0,0.0,0.0,0.0,0.0,0.0,0.0,16.757479999999987
0.0,20,0,1,31,4,0.0,0.0,0.0,0.0,0.0,0.0,0.0,0.0,0.0,18.657600000000002
0.0,21,0,1,31,4,0.0,0.0,0.0,0.0,0.0,0.0,0.0,0.0,0.0,19.54077000000001
0.0,22,0,1,31,4,0.0,0.0,0.0,0.0,0.0,0.0,0.0,0.0,0.0,20.56220000000002
0.0,23,0,1,31,4,0.0,0.0,0.0,0.0,0.0,0.0,0.0,0.0,0.0,21.468230000000005
0.0,0,1,1,31,5,0.0,0.0,0.0,0.0,0.0,0.0,0.0,0.0,0.0,21.845669999999984
0.0,1,1,1,31,5,0.0,0.0,0.0,0.0,0.0,0.0,0.0,0.0,0.0,22.08044000000001
0.0,2,1,1,31,5,0.0,0.0,0.0,0.0,0.0,0.0,0.0,0.0,0.0,21.03771999999998
0.0,3,1,1,31,5,0.0,0.0,0.0,0.0,0.0,0.0,0.0,0.0,0.0,19.83456000000001
0.0,4,1,1,31,5,0.0,0.0,0.0,0.0,0.0,0.0,0.0,0.0,0.0,19.680880000000002
0.0,5,1,1,31,5,0.0,0.0,0.0,0.0,0.0,0.0,0.0,0.0,0.0,18.750580000000014
0.0,6,1,1,31,5,0.0,0.0,0.0,0.0,0.0,0.0,0.0,0.0,0.0,17.318399999999997
0.0,7,1,1,31,5,0.0,0.0,0.0,0.0,0.0,0.0,0.0,0.0,0.0,15.214940000000013
0.0,8,1,1,31,5,0.0,0.0,0.0,0.0,0.0,0.0,0.0,0.0,0.0,14.201480000000004
0.0,9,1,1,31,5,0.0,0.0,0.0,0.0,0.0,0.0,0.0,0.0,0.0,13.965970000000027
0.0,10,1,1,31,5,0.0,0.0,0.0,0.0,0.0,0.0,0.0,0.0,0.0,13.653750000000002
0.0,11,1,1,31,5,0.0,0.0,0.0,0.0,0.0,0.0,0.0,0.0,0.0,12.396239999999977
0.0,12,1,1,31,5,0.0,0.0,0.0,0.0,0.0,0.0,0.0,0.0,0.0,11.415160000000014
0.0,13,1,1,31,5,0.0,0.0,0.0,0.0,0.0,0.0,0.0,0.0,0.0,10.732759999999985
0.0,14,1,1,31,5,0.0,0.0,0.0,0.0,0.0,0.0,0.0,0.0,0.0,11.631959999999992
0.0,15,1,1,31,5,0.0,0.0,0.0,0.0,0.0,0.0,0.0,0.0,0.0,12.314300000000003
0.0,16,1,1,31,5,0.0,0.0,0.0,0.0,0.0,0.0,0.0,0.0,0.0,11.868679999999983
0.0,17,1,1,31,5,0.0,0.0,0.0,0.0,0.0,0.0,0.0,0.0,0.0,11.666020000000003
0.0,18,1,1,31,5,0.0,0.0,0.0,0.0,0.0,0.0,0.0,0.0,0.0,12.90755999999999
0.0,19,1,1,31,5,0.0,0.0,0.0,0.0,0.0,0.0,0.0,0.0,0.0,13.966520000000003
0.0,20,1,1,31,5,0.0,0.0,0.0,0.0,0.0,0.0,0.0,0.0,0.0,13.66980000000001
0.0,21,1,1,31,5,0.0,0.0,0.0,0.0,0.0,0.0,0.0,0.0,0.0,13.924350000000004
0.0,22,1,1,31,5,0.0,0.0,0.0,0.0,0.0,0.0,0.0,0.0,0.0,14.912930000000017
0.0,23,1,1,31,5,0.0,0.0,0.0,0.0,0.0,0.0,0.0,0.0,0.0,15.381230000000016
0.0,0,2,1,31,6,0.0,0.0,0.0,0.0,0.0,0.0,0.0,0.0,0.0,15.540920000000028
0.0,1,2,1,31,6,0.0,0.0,0.0,0.0,0.0,0.0,0.0,0.0,0.0,15.539120000000025
0.0,2,2,1,31,6,0.0,0.0,0.0,0.0,0.0,0.0,0.0,0.0,0.0,15.507139999999993
0.0,3,2,1,31,6,0.0,0.0,0.0,0.0,0.0,0.0,0.0,0.0,0.0,15.315459999999973
0.0,4,2,1,31,6,0.0,0.0,0.0,0.0,0.0,0.0,0.0,0.0,0.0,14.839699999999993
0.0,5,2,1,31,6,0.0,0.0,0.0,0.0,0.0,0.0,0.0,0.0,0.0,14.197999999999979
0.0,6,2,1,31,6,0.0,0.0,0.0,0.0,0.0,0.0,0.0,0.0,0.0,13.32596000000001
0.0,7,2,1,31,6,0.0,0.0,0.0,0.0,0.0,0.0,0.0,0.0,0.0,12.22305
0.0,8,2,1,31,6,0.0,0.0,0.0,0.0,0.0,0.0,0.0,0.0,0.0,11.314329999999984
0.0,9,2,1,31,6,0.0,0.0,0.0,0.0,0.0,0.0,0.0,0.0,0.0,10.846400000000017
0.0,10,2,1,31,6,0.0,0.0,0.0,0.0,0.0,0.0,0.0,0.0,0.0,10.392200000000003
0.0,11,2,1,31,6,0.0,0.0,0.0,0.0,0.0,0.0,0.0,0.0,0.0,9.90073000000001
0.0,12,2,1,31,6,0.0,0.0,0.0,0.0,0.0,0.0,0.0,0.0,0.0,9.389070000000004
0.0,13,2,1,31,6,0.0,0.0,0.0,0.0,0.0,0.0,0.0,0.0,0.0,9.113560000000007
0.0,14,2,1,31,6,0.0,0.0,0.0,0.0,0.0,0.0,0.0,0.0,0.0,8.847080000000005
0.0,15,2,1,31,6,0.0,0.0,0.0,0.0,0.0,0.0,0.0,0.0,0.0,8.592249999999979
0.0,16,2,1,31,6,0.0,0.0,0.0,0.0,0.0,0.0,0.0,0.0,0.0,8.373260000000016
0.0,17,2,1,31,6,0.0,0.0,0.0,0.0,0.0,0.0,0.0,0.0,0.0,8.275300000000016
0.0,18,2,1,31,6,0.0,0.0,0.0,0.0,0.0,0.0,0.0,0.0,0.0,9.824999999999989
0.0,19,2,1,31,6,0.0,0.0,0.0,0.0,0.0,0.0,0.0,0.0,0.0,12.199000000000012
0.0,20,2,1,31,6,0.0,0.0,0.0,0.0,0.0,0.0,0.0,0.0,0.0,13.713559999999973
0.0,21,2,1,31,6,0.0,0.0,0.0,0.0,0.0,0.0,0.0,0.0,0.0,14.733859999999993
0.0,22,2,1,31,6,0.0,0.0,0.0,0.0,0.0,0.0,0.0,0.0,0.0,15.579700000000003
0.0,23,2,1,31,6,0.0,0.0,0.0,0.0,0.0,0.0,0.0,0.0,0.0,16.536440000000027
0.0,0,3,1,31,7,0.0,0.0,0.0,0.0,0.0,0.0,0.0,0.0,0.0,17.388059999999996
0.0,1,3,1,31,7,0.0,0.0,0.0,0.0,0.0,0.0,0.0,0.0,0.0,17.89792
0.0,2,3,1,31,7,0.0,0.0,0.0,0.0,0.0,0.0,0.0,0.0,0.0,17.9846
0.0,3,3,1,31,7,0.0,0.0,0.0,0.0,0.0,0.0,0.0,0.0,0.0,17.855349999999987
0.0,4,3,1,31,7,0.0,0.0,0.0,0.0,0.0,0.0,0.0,0.0,0.0,17.820069999999987
0.0,5,3,1,31,7,0.0,0.0,0.0,0.0,0.0,0.0,0.0,0.0,0.0,17.803470000000004
0.0,6,3,1,31,7,0.0,0.0,0.0,0.0,0.0,0.0,0.0,0.0,0.0,17.476319999999987
0.0,7,3,1,31,7,0.0,0.0,0.0,0.0,0.0,0.0,0.0,0.0,0.0,16.680600000000027
0.0,8,3,1,31,7,0.0,0.0,0.0,0.0,0.0,0.0,0.0,0.0,0.0,15.102480000000014
0.0,9,3,1,31,7,0.0,0.0,0.0,0.0,0.0,0.0,0.0,0.0,0.0,14.55340000000001
0.0,10,3,1,31,7,0.0,0.0,0.0,0.0,0.0,0.0,0.0,0.0,0.0,14.048339999999996
0.0,11,3,1,31,7,0.0,0.0,0.0,0.0,0.0,0.0,0.0,0.0,0.0,13.332179999999994
0.0,12,3,1,31,7,0.0,0.0,0.0,0.0,0.0,0.0,0.0,0.0,0.0,12.790129999999976
0.0,13,3,1,31,7,0.0,0.0,0.0,0.0,0.0,0.0,0.0,0.0,0.0,12.99588
0.0,14,3,1,31,7,0.0,0.0,0.0,0.0,0.0,0.0,0.0,0.0,0.0,13.247770000000003
0.0,15,3,1,31,7,0.0,0.0,0.0,0.0,0.0,0.0,0.0,0.0,0.0,12.34384
0.0,16,3,1,31,7,0.0,0.0,0.0,0.0,0.0,0.0,0.0,0.0,0.0,11.44414999999998
0.0,17,3,1,31,7,0.0,0.0,0.0,0.0,0.0,0.0,0.0,0.0,0.0,10.556820000000016
0.0,18,3,1,31,7,0.0,0.0,0.0,0.0,0.0,0.0,0.0,0.0,0.0,12.931899999999985
0.0,19,3,1,31,7,0.0,0.0,0.0,0.0,0.0,0.0,0.0,0.0,0.0,13.83832000000001
0.0,20,3,1,31,7,0.0,0.0,0.0,0.0,0.0,0.0,0.0,0.0,0.0,15.529569999999978
0.0,21,3,1,31,7,0.0,0.0,0.0,0.0,0.0,0.0,0.0,0.0,0.0,17.910950000000014
0.0,22,3,1,31,7,0.0,0.0,0.0,0.0,0.0,0.0,0.0,0.0,0.0,19.432999999999993
0.0,23,3,1,31,7,0.0,0.0,0.0,0.0,0.0,0.0,0.0,0.0,0.0,19.933780000000013
0.0,0,4,1,31,8,0.0,0.0,0.0,0.0,0.0,0.0,0.0,0.0,0.0,20.02199999999999
0.0,1,4,1,31,8,0.0,0.0,0.0,0.0,0.0,0.0,0.0,0.0,0.0,20.118040000000008
0.0,2,4,1,31,8,0.0,0.0,0.0,0.0,0.0,0.0,0.0,0.0,0.0,21.022550000000024
0.0,3,4,1,31,8,0.0,0.0,0.0,0.0,0.0,0.0,0.0,0.0,0.0,21.574160000000006
0.0,4,4,1,31,8,0.0,0.0,0.0,0.0,0.0,0.0,0.0,0.0,0.0,21.642999999999972
0.0,5,4,1,31,8,0.0,0.0,0.0,0.0,0.0,0.0,0.0,0.0,0.0,21.094449999999995
0.0,6,4,1,31,8,0.0,0.0,0.0,0.0,0.0,0.0,0.0,0.0,0.0,20.260130000000004
0.0,7,4,1,31,8,0.0,0.0,0.0,0.0,0.0,0.0,0.0,0.0,0.0,19.135280000000023
0.0,8,4,1,31,8,0.0,0.0,0.0,0.0,0.0,0.0,0.0,0.0,0.0,17.279629999999997
0.0,9,4,1,31,8,0.0,0.0,0.0,0.0,0.0,0.0,0.0,0.0,0.0,14.93765000000002
0.0,10,4,1,31,8,0.0,0.0,0.0,0.0,0.0,0.0,0.0,0.0,0.0,14.34620000000001
0.0,11,4,1,31,8,0.0,0.0,0.0,0.0,0.0,0.0,0.0,0.0,0.0,13.609399999999994
0.0,12,4,1,31,8,0.0,0.0,0.0,0.0,0.0,0.0,0.0,0.0,0.0,13.079679999999996
0.0,13,4,1,31,8,0.0,0.0,0.0,0.0,0.0,0.0,0.0,0.0,0.0,12.122439999999983
0.0,14,4,1,31,8,0.0,0.0,0.0,0.0,0.0,0.0,0.0,0.0,0.0,12.097660000000019
0.0,15,4,1,31,8,0.0,0.0,0.0,0.0,0.0,0.0,0.0,0.0,0.0,11.711760000000027
0.0,16,4,1,31,8,0.0,0.0,0.0,0.0,0.0,0.0,0.0,0.0,0.0,11.825600000000009
0.0,17,4,1,31,8,0.0,0.0,0.0,0.0,0.0,0.0,0.0,0.0,0.0,11.997619999999984
0.0,18,4,1,31,8,0.0,0.0,0.0,0.0,0.0,0.0,0.0,0.0,0.0,13.125060000000019
0.0,19,4,1,31,8,0.0,0.0,0.0,0.0,0.0,0.0,0.0,0.0,0.0,14.625369999999975
0.0,20,4,1,31,8,0.0,0.0,0.0,0.0,0.0,0.0,0.0,0.0,0.0,15.908749999999998
0.0,21,4,1,31,8,0.0,0.0,0.0,0.0,0.0,0.0,0.0,0.0,0.0,16.060270000000003
0.0,22,4,1,31,8,0.0,0.0,0.0,0.0,0.0,0.0,0.0,0.0,0.0,16.502380000000016
0.0,23,4,1,31,8,0.0,0.0,0.0,0.0,0.0,0.0,0.0,0.0,0.0,17.301199999999994
0.0,0,5,1,31,9,0.0,0.0,0.0,0.0,0.0,0.0,0.0,0.0,0.0,17.995499999999993
0.0,1,5,1,31,9,0.0,0.0,0.0,0.0,0.0,0.0,0.0,0.0,0.0,18.676240000000007
0.0,2,5,1,31,9,0.0,0.0,0.0,0.0,0.0,0.0,0.0,0.0,0.0,19.114379999999983
0.0,3,5,1,31,9,0.0,0.0,0.0,0.0,0.0,0.0,0.0,0.0,0.0,19.550869999999975
0.0,4,5,1,31,9,0.0,0.0,0.0,0.0,0.0,0.0,0.0,0.0,0.0,19.37772000000001
0.0,5,5,1,31,9,0.0,0.0,0.0,0.0,0.0,0.0,0.0,0.0,0.0,18.489379999999983
0.0,6,5,1,31,9,0.0,0.0,0.0,0.0,0.0,0.0,0.0,0.0,0.0,17.068499999999972
0.0,7,5,1,31,9,0.0,0.0,0.0,0.0,0.0,0.0,0.0,0.0,0.0,15.712739999999997
0.0,8,5,1,31,9,0.0,0.0,0.0,0.0,0.0,0.0,0.0,0.0,0.0,14.38864000000001
0.0,9,5,1,31,9,0.0,0.0,0.0,0.0,0.0,0.0,0.0,0.0,0.0,13.634059999999977
0.0,10,5,1,31,9,0.0,0.0,0.0,0.0,0.0,0.0,0.0,0.0,0.0,13.128330000000005
0.0,11,5,1,31,9,0.0,0.0,0.0,0.0,0.0,0.0,0.0,0.0,0.0,12.939270000000022
0.0,12,5,1,31,9,0.0,0.0,0.0,0.0,0.0,0.0,0.0,0.0,0.0,12.77879999999999
0.0,13,5,1,31,9,0.0,0.0,0.0,0.0,0.0,0.0,0.0,0.0,0.0,12.746550000000013
0.0,14,5,1,31,9,0.0,0.0,0.0,0.0,0.0,0.0,0.0,0.0,0.0,12.711979999999983
0.0,15,5,1,31,9,0.0,0.0,0.0,0.0,0.0,0.0,0.0,0.0,0.0,12.604159999999979
0.0,16,5,1,31,9,0.0,0.0,0.0,0.0,0.0,0.0,0.0,0.0,0.0,12.25394
0.0,17,5,1,31,9,0.0,0.0,0.0,0.0,0.0,0.0,0.0,0.0,0.0,12.128330000000005
0.0,18,5,1,31,9,0.0,0.0,0.0,0.0,0.0,0.0,0.0,0.0,0.0,13.649049999999988
0.0,19,5,1,31,9,0.0,0.0,0.0,0.0,0.0,0.0,0.0,0.0,0.0,15.475039999999979
0.0,20,5,1,31,9,0.0,0.0,0.0,0.0,0.0,0.0,0.0,0.0,0.0,17.18853999999999
0.0,21,5,1,31,9,0.0,0.0,0.0,0.0,0.0,0.0,0.0,0.0,0.0,18.60300000000001
0.0,22,5,1,31,9,0.0,0.0,0.0,0.0,0.0,0.0,0.0,0.0,0.0,19.569999999999993
0.0,23,5,1,31,9,0.0,0.0,0.0,0.0,0.0,0.0,0.0,0.0,0.0,20.572240000000022
0.0,0,6,1,31,10,0.0,0.0,0.0,0.0,0.0,0.0,0.0,0.0,0.0,21.460019999999986
0.0,1,6,1,31,10,0.0,0.0,0.0,0.0,0.0,0.0,0.0,0.0,0.0,22.010379999999998
0.0,2,6,1,31,10,0.0,0.0,0.0,0.0,0.0,0.0,0.0,0.0,0.0,22.24029999999999
0.0,3,6,1,31,10,0.0,0.0,0.0,0.0,0.0,0.0,0.0,0.0,0.0,22.12009999999998
0.0,4,6,1,31,10,0.0,0.0,0.0,0.0,0.0,0.0,0.0,0.0,0.0,21.67813000000001
0.0,5,6,1,31,10,0.0,0.0,0.0,0.0,0.0,0.0,0.0,0.0,0.0,21.187299999999993
0.0,6,6,1,31,10,0.0,0.0,0.0,0.0,0.0,0.0,0.0,0.0,0.0,19.581819999999993
0.0,7,6,1,31,10,0.0,0.0,0.0,0.0,0.0,0.0,0.0,0.0,0.0,17.519619999999975
0.0,8,6,1,31,10,0.0,0.0,0.0,0.0,0.0,0.0,0.0,0.0,0.0,15.416200000000003
0.0,9,6,1,31,10,0.0,0.0,0.0,0.0,0.0,0.0,0.0,0.0,0.0,15.372380000000021
0.0,10,6,1,31,10,0.0,0.0,0.0,0.0,0.0,0.0,0.0,0.0,0.0,14.757540000000006
0.0,11,6,1,31,10,0.0,0.0,0.0,0.0,0.0,0.0,0.0,0.0,0.0,14.41579999999999
0.0,12,6,1,31,10,0.0,0.0,0.0,0.0,0.0,0.0,0.0,0.0,0.0,14.541659999999979
0.0,13,6,1,31,10,0.0,0.0,0.0,0.0,0.0,0.0,0.0,0.0,0.0,14.083529999999996
0.0,14,6,1,31,10,0.0,0.0,0.0,0.0,0.0,0.0,0.0,0.0,0.0,13.519740000000013
0.0,15,6,1,31,10,0.0,0.0,0.0,0.0,0.0,0.0,0.0,0.0,0.0,13.533200000000022
0.0,16,6,1,31,10,0.0,0.0,0.0,0.0,0.0,0.0,0.0,0.0,0.0,14.07065
0.0,17,6,1,31,10,0.0,0.0,0.0,0.0,0.0,0.0,0.0,0.0,0.0,14.133539999999982
0.0,18,6,1,31,10,0.0,0.0,0.0,0.0,0.0,0.0,0.0,0.0,0.0,14.639099999999985
0.0,19,6,1,31,10,0.0,0.0,0.0,0.0,0.0,0.0,0.0,0.0,0.0,15.664249999999981
0.0,20,6,1,31,10,0.0,0.0,0.0,0.0,0.0,0.0,0.0,0.0,0.0,18.000920000000008
0.0,21,6,1,31,10,0.0,0.0,0.0,0.0,0.0,0.0,0.0,0.0,0.0,19.617129999999975
0.0,22,6,1,31,10,0.0,0.0,0.0,0.0,0.0,0.0,0.0,0.0,0.0,20.238220000000013
0.0,23,6,1,31,10,0.0,0.0,0.0,0.0,0.0,0.0,0.0,0.0,0.0,20.72674999999998
0.0,0,0,1,31,11,0.0,0.0,0.0,0.0,0.0,0.0,0.0,0.0,0.0,20.161130000000014
0.0,1,0,1,31,11,0.0,0.0,0.0,0.0,0.0,0.0,0.0,0.0,0.0,20.222199999999987
0.0,2,0,1,31,11,0.0,0.0,0.0,0.0,0.0,0.0,0.0,0.0,0.0,20.319579999999974
0.0,3,0,1,31,11,0.0,0.0,0.0,0.0,0.0,0.0,0.0,0.0,0.0,20.715300000000013
0.0,4,0,1,31,11,0.0,0.0,0.0,0.0,0.0,0.0,0.0,0.0,0.0,21.101069999999993
0.0,5,0,1,31,11,0.0,0.0,0.0,0.0,0.0,0.0,0.0,0.0,0.0,20.64672999999999
0.0,6,0,1,31,11,0.0,0.0,0.0,0.0,0.0,0.0,0.0,0.0,0.0,19.946000000000026
0.0,7,0,1,31,11,0.0,0.0,0.0,0.0,0.0,0.0,0.0,0.0,0.0,19.410739999999976
0.0,8,0,1,31,11,0.0,0.0,0.0,0.0,0.0,0.0,0.0,0.0,0.0,17.59591999999998
0.0,9,0,1,31,11,0.0,0.0,0.0,0.0,0.0,0.0,0.0,0.0,0.0,16.833000000000027
0.0,10,0,1,31,11,0.0,0.0,0.0,0.0,0.0,0.0,0.0,0.0,0.0,17.197000000000003
0.0,11,0,1,31,11,0.0,0.0,0.0,0.0,0.0,0.0,0.0,0.0,0.0,16.991460000000018
0.0,12,0,1,31,11,0.0,0.0,0.0,0.0,0.0,0.0,0.0,0.0,0.0,16.20825000000002
0.0,13,0,1,31,11,0.0,0.0,0.0,0.0,0.0,0.0,0.0,0.0,0.0,16.736879999999985
0.0,14,0,1,31,11,0.0,0.0,0.0,0.0,0.0,0.0,0.0,0.0,0.0,17.139070000000004
0.0,15,0,1,31,11,0.0,0.0,0.0,0.0,0.0,0.0,0.0,0.0,0.0,17.027300000000025
0.0,16,0,1,31,11,0.0,0.0,0.0,0.0,0.0,0.0,0.0,0.0,0.0,16.229640000000018
0.0,17,0,1,31,11,0.0,0.0,0.0,0.0,0.0,0.0,0.0,0.0,0.0,15.550479999999993
0.0,18,0,1,31,11,0.0,0.0,0.0,0.0,0.0,0.0,0.0,0.0,0.0,15.546080000000018
0.0,19,0,1,31,11,0.0,0.0,0.0,0.0,0.0,0.0,0.0,0.0,0.0,15.072720000000004
0.0,20,0,1,31,11,0.0,0.0,0.0,0.0,0.0,0.0,0.0,0.0,0.0,15.531859999999995
0.0,21,0,1,31,11,0.0,0.0,0.0,0.0,0.0,0.0,0.0,0.0,0.0,17.174159999999972
0.0,22,0,1,31,11,0.0,0.0,0.0,0.0,0.0,0.0,0.0,0.0,0.0,17.858900000000006
0.0,23,0,1,31,11,0.0,0.0,0.0,0.0,0.0,0.0,0.0,0.0,0.0,18.147370000000024
0.0,0,1,1,31,12,0.0,0.0,0.0,0.0,0.0,0.0,0.0,0.0,0.0,19.244629999999972
2.3644659847841307,1,1,1,31,12,0.0,0.0,2.3644659847841307,2.3644659847841307,2.3644659847841307,2.3644659847841307,2.3644659847841307,0.0,0.0,19.32990000000001
1.91359937653655,2,1,1,31,12,2.3644659847841307,0.0,4.278065361320681,4.278065361320681,4.278065361320681,4.278065361320681,4.278065361320681,2.3644659847841307,2.3644659847841307,16.75006000000002
2.010253834376602,3,1,1,31,12,1.91359937653655,2.3644659847841307,6.288319195697283,6.288319195697283,6.288319195697283,6.288319195697283,6.288319195697283,3.923395463603061,4.159842062081474,16.760400000000004
5.695931019778346,4,1,1,31,12,2.010253834376602,1.91359937653655,9.619784230691497,11.98425021547563,11.98425021547563,11.98425021547563,11.98425021547563,5.345139978439204,5.962103793354002,16.69549999999998
3.94705625874567,5,1,1,31,12,5.695931019778346,2.010253834376602,11.653241112900618,15.931306474221298,15.931306474221298,15.931306474221298,15.931306474221298,10.239300001451669,11.359929623464648,16.572270000000003
0.0,6,1,1,31,12,3.94705625874567,5.695931019778346,9.642987278524016,15.931306474221298,15.931306474221298,15.931306474221298,15.931306474221298,12.650461259979588,14.738989401037085,16.260220000000004
0.0,7,1,1,31,12,0.0,3.94705625874567,3.94705625874567,13.566840489437169,15.931306474221298,15.931306474221298,15.931306474221298,10.75289207098265,14.00203993098523,16.32310000000001
0.0,8,1,1,31,12,0.0,0.0,0.0,11.65324111290062,15.931306474221298,15.931306474221298,15.931306474221298,9.139958260335252,13.301937934435967,15.749360000000024
0.0,9,1,1,31,12,0.0,0.0,0.0,9.642987278524018,15.931306474221298,15.931306474221298,15.931306474221298,7.768964521284964,12.636841037714168,14.169300000000021
2.5493146727592384,10,1,1,31,12,0.0,0.0,2.5493146727592384,6.4963709315049085,18.48062114698054,18.48062114698054,18.48062114698054,6.603619843092219,12.00499898582846,15.293150000000026
1.1311991596989717,11,1,1,31,12,2.5493146727592384,0.0,3.6805138324582103,3.6805138324582103,19.61182030667951,19.61182030667951,19.61182030667951,8.162391539387624,13.954063709296275,14.664800000000014
0.0,12,1,1,31,12,1.1311991596989717,2.5493146727592384,3.6805138324582103,3.6805138324582103,19.61182030667951,19.61182030667951,19.61182030667951,8.069231968178451,14.387559683530432,14.858859999999993
0.0,13,1,1,31,12,0.0,1.1311991596989717,1.1311991596989717,3.6805138324582103,17.24735432189538,19.61182030667951,19.61182030667951,6.858847172951683,13.668181699353909,15.666629999999998
0.0,14,1,1,31,12,0.0,0.0,0.0,3.6805138324582103,15.333754945358827,19.61182030667951,19.61182030667951,5.830020097008931,12.984772614386213,15.275699999999972
0.0,15,1,1,31,12,0.0,0.0,0.0,3.6805138324582103,13.323501110982225,19.61182030667951,19.61182030667951,4.955517082457591,12.3355339836669,15.137630000000001
0.0,16,1,1,31,12,0.0,0.0,0.0,1.1311991596989717,7.62757009120388,19.61182030667951,19.61182030667951,4.212189520088953,11.718757284483555,15.027600000000007
0.0,17,1,1,31,12,0.0,0.0,0.0,0.0,3.6805138324582103,19.61182030667951,19.61182030667951,3.5803610920756097,11.132819420259377,14.461180000000013
0.0,18,1,1,31,12,0.0,0.0,0.0,0.0,3.6805138324582103,19.61182030667951,19.61182030667951,3.043306928264268,10.576178449246408,14.588619999999992
0.0,19,1,1,31,12,0.0,0.0,0.0,0.0,3.6805138324582103,19.61182030667951,19.61182030667951,2.5868108890246275,10.047369526784086,15.0582
0.0,20,1,1,31,12,0.0,0.0,0.0,0.0,3.6805138324582103,19.61182030667951,19.61182030667951,2.1987892556709334,9.545001050444881,15.651299999999992
0.0,21,1,1,31,12,0.0,0.0,0.0,0.0,3.6805138324582103,19.61182030667951,19.61182030667951,1.8689708673202934,9.067750997922637,16.427599999999984
0.0,22,1,1,31,12,0.0,0.0,0.0,0.0,1.1311991596989717,19.61182030667951,19.61182030667951,1.5886252372222494,8.614363448026506,17.550569999999993
0.0,23,1,1,31,12,0.0,0.0,0.0,0.0,0.0,19.61182030667951,19.61182030667951,1.350331451638912,8.18364527562518,18.889740000000018
1.0459151350727032,0,2,1,31,13,0.0,0.0,1.0459151350727032,1.0459151350727032,1.0459151350727032,20.657735441752212,20.657735441752212,1.1477817338930751,7.77446301184392,19.451869999999985
0.6762295144831852,1,2,1,31,13,1.0459151350727032,0.0,1.7221446495558883,1.7221446495558883,1.7221446495558883,18.96949897145127,21.3339649562354,2.021529608881817,8.431654996324427,17.55619999999999
0.0,2,2,1,31,13,0.6762295144831852,1.0459151350727032,1.7221446495558883,1.7221446495558883,1.7221446495558883,17.055899594914717,21.3339649562354,2.3945296820327298,8.686301760991391,15.957280000000026
0.0,3,2,1,31,13,0.0,0.6762295144831852,0.6762295144831852,1.7221446495558883,1.7221446495558883,15.045645760538113,21.3339649562354,2.03535022972782,8.251986672941822,15.994399999999985
0.0,4,2,1,31,13,0.0,0.0,0.0,1.7221446495558883,1.7221446495558883,9.349714740759769,21.3339649562354,1.730047695268647,7.83938733929473,15.565980000000025
0.0,5,2,1,31,13,0.0,0.0,0.0,1.7221446495558883,1.7221446495558883,5.402658482014099,21.3339649562354,1.4705405409783499,7.447417972329993,14.95107999999999
0.0,6,2,1,31,13,0.0,0.0,0.0,0.6762295144831852,1.7221446495558883,5.402658482014099,21.3339649562354,1.2499594598315973,7.075047073713493,14.268280000000004
0.0,7,2,1,31,13,0.0,0.0,0.0,0.0,1.7221446495558883,5.402658482014099,21.3339649562354,1.0624655408568577,6.721294720027818,14.003879999999981
0.0,8,2,1,31,13,0.0,0.0,0.0,0.0,1.7221446495558883,5.402658482014099,21.3339649562354,0.9030957097283291,6.385229984026427,14.025480000000016
0.0,9,2,1,31,13,0.0,0.0,0.0,0.0,1.7221446495558883,5.402658482014099,21.3339649562354,0.7676313532690797,6.065968484825105,13.902499999999975
0.0,10,2,1,31,13,0.0,0.0,0.0,0.0,1.7221446495558883,2.85334380925486,21.3339649562354,0.6524866502787178,5.76267006058385,13.487950000000012
0.0,11,2,1,31,13,0.0,0.0,0.0,0.0,1.7221446495558883,1.7221446495558883,21.3339649562354,0.5546136527369101,5.474536557554657,13.05838
0.0,12,2,1,31,13,0.0,0.0,0.0,0.0,0.6762295144831852,1.7221446495558883,21.3339649562354,0.4714216048263736,5.200809729676924,12.976800000000026
0.0,13,2,1,31,13,0.0,0.0,0.0,0.0,0.0,1.7221446495558883,21.3339649562354,0.4007083641024175,4.940769243193078,13.158079999999984
0.0,14,2,1,31,13,0.0,0.0,0.0,0.0,0.0,1.7221446495558883,21.3339649562354,0.3406021094870549,4.693730781033423,13.247920000000022
0.0,15,2,1,31,13,0.0,0.0,0.0,0.0,0.0,1.7221446495558883,21.3339649562354,0.28951179306399666,4.4590442419817515,13.411440000000027
0.0,16,2,1,31,13,0.0,0.0,0.0,0.0,0.0,1.7221446495558883,21.3339649562354,0.24608502410439714,4.236092029882664,13.601499999999987
0.0,17,2,1,31,13,0.0,0.0,0.0,0.0,0.0,1.7221446495558883,21.3339649562354,0.20917227048873757,4.02428742838853,13.693150000000003
0.0,18,2,1,31,13,0.0,0.0,0.0,0.0,0.0,1.7221446495558883,21.3339649562354,0.17779642991542693,3.8230730569691036,13.847440000000006
0.0,19,2,1,31,13,0.0,0.0,0.0,0.0,0.0,1.7221446495558883,21.3339649562354,0.15112696542811288,3.6319194041206484,13.897800000000018
0.0,20,2,1,31,13,0.0,0.0,0.0,0.0,0.0,1.7221446495558883,21.3339649562354,0.12845792061389594,3.450323433914616,13.919699999999978
0.0,21,2,1,31,13,0.0,0.0,0.0,0.0,0.0,1.7221446495558883,21.3339649562354,0.10918923252181155,3.277807262218885,14.028700000000015
0.0,22,2,1,31,13,0.0,0.0,0.0,0.0,0.0,1.7221446495558883,21.3339649562354,0.09281084764353982,3.1139168991079407,14.37009999999998
0.0,23,2,1,31,13,0.0,0.0,0.0,0.0,0.0,1.7221446495558883,21.3339649562354,0.07888922049700885,2.9582210541525433,14.166999999999973
0.0,0,3,1,31,14,0.0,0.0,0.0,0.0,0.0,0.6762295144831852,21.3339649562354,0.06705583742245752,2.810310001444916,13.531279999999981
0.0,1,3,1,31,14,0.0,0.0,0.0,0.0,0.0,0.0,18.969498971451266,0.05699746180908889,2.66979450137267,13.306759999999997
0.2471317466869291,2,3,1,31,14,0.0,0.0,0.2471317466869291,0.2471317466869291,0.2471317466869291,0.2471317466869291,17.303031341601645,0.048447842537725556,2.5363047763040365,13.10836999999998
0.2466872725390842,3,3,1,31,14,0.2471317466869291,0.0,0.49381901922601334,0.49381901922601334,0.49381901922601334,0.49381901922601334,15.539464779764128,0.28831241284399584,2.6566212841757637,12.815249999999992
0.0,4,3,1,31,14,0.2466872725390842,0.2471317466869291,0.49381901922601334,0.49381901922601334,0.49381901922601334,0.49381901922601334,9.843533759985782,0.49175282345648064,2.7704774925060596,12.52573000000001
0.0,5,3,1,31,14,0.0,0.2466872725390842,0.2466872725390842,0.49381901922601334,0.49381901922601334,0.49381901922601334,5.896477501240112,0.41798989993800856,2.6319536178807565,12.253449999999987
0.0,6,3,1,31,14,0.0,0.0,0.0,0.49381901922601334,0.49381901922601334,0.49381901922601334,5.896477501240112,0.35529141494730726,2.5003559369867188,12.026340000000005
0.0,7,3,1,31,14,0.0,0.0,0.0,0.49381901922601334,0.49381901922601334,0.49381901922601334,5.896477501240112,0.30199770270521115,2.3753381401373828,11.805200000000013
0.0,8,3,1,31,14,0.0,0.0,0.0,0.2466872725390842,0.49381901922601334,0.49381901922601334,5.896477501240112,0.25669804729942947,2.2565712331305137,11.689759999999978
0.0,9,3,1,31,14,0.0,0.0,0.0,0.0,0.49381901922601334,0.49381901922601334,5.896477501240112,0.21819334020451503,2.143742671473988,11.723880000000008
0.0,10,3,1,31,14,0.0,0.0,0.0,0.0,0.49381901922601334,0.49381901922601334,3.347162828480873,0.18546433917383778,2.0365555379002886,11.75024000000002
0.0,11,3,1,31,14,0.0,0.0,0.0,0.0,0.49381901922601334,0.49381901922601334,2.2159636687819013,0.15764468829776213,1.9347277610052742,11.712949999999978
0.4978314303095355,12,3,1,31,14,0.0,0.0,0.4978314303095355,0.4978314303095355,0.9916504495355488,0.9916504495355488,2.713795099091437,0.1339979850530978,1.8379913729550104,11.560760000000016
1.946297594420984,13,3,1,31,14,0.4978314303095355,0.0,2.4441290247305196,2.4441290247305196,2.9379480439565326,2.9379480439565326,4.660092693512421,0.6117297176046687,2.2439232346167954,11.337600000000009
1.0642001733915518,14,3,1,31,14,1.946297594420984,0.4978314303095355,3.5083291981220714,3.5083291981220714,3.7550164706611553,4.0021482173480845,5.724292866903973,2.4662678543849523,4.07802466730694,11.134059999999977
0.0,15,3,1,31,14,1.0642001733915518,1.946297594420984,3.0104977678125353,3.5083291981220714,3.508329198122071,4.0021482173480845,5.724292866903973,3.160527849618761,4.938323607333144,11.189360000000022
0.0,16,3,1,31,14,0.0,1.0642001733915518,1.0642001733915518,3.5083291981220714,3.508329198122071,4.0021482173480845,5.724292866903973,2.686448672175947,4.691407426966487,11.2654
0.0,17,3,1,31,14,0.0,0.0,0.0,3.5083291981220714,3.508329198122071,4.0021482173480845,5.724292866903973,2.2834813713495548,4.456837055618163,11.177669999999978
0.0,18,3,1,31,14,0.0,0.0,0.0,3.0104977678125353,3.508329198122071,4.0021482173480845,5.724292866903973,1.9409591656471215,4.233995202837255,11.186860000000024
0.0,19,3,1,31,14,0.0,0.0,0.0,1.0642001733915518,3.508329198122071,4.0021482173480845,5.724292866903973,1.6498152908000532,4.022295442695392,11.607970000000023
0.0,20,3,1,31,14,0.0,0.0,0.0,0.0,3.508329198122071,4.0021482173480845,5.724292866903973,1.4023429971800452,3.821180670560622,12.372439999999983
0.0,21,3,1,31,14,0.0,0.0,0.0,0.0,3.508329198122071,4.0021482173480845,5.724292866903973,1.1919915476030383,3.630121637032591,13.176670000000001
0.0,22,3,1,31,14,0.0,0.0,0.0,0.0,3.508329198122071,4.0021482173480845,5.724292866903973,1.0131928154625824,3.4486155551809614,13.981499999999983
0.0,23,3,1,31,14,0.0,0.0,0.0,0.0,3.508329198122071,4.0021482173480845,5.724292866903973,0.8612138931431951,3.2761847774219133,14.833100000000002
0.0,0,4,1,31,15,0.0,0.0,0.0,0.0,3.0104977678125358,4.0021482173480845,4.6783777318312705,0.7320318091717158,3.1123755385508174,15.526670000000024
0.0,1,4,1,31,15,0.0,0.0,0.0,0.0,1.0642001733915518,4.0021482173480845,4.0021482173480845,0.6222270377959584,2.9567567616232764,16.159730000000025
0.0,2,4,1,31,15,0.0,0.0,0.0,0.0,0.0,3.7550164706611553,4.0021482173480845,0.5288929821265647,2.8089189235421124,16.730650000000026
0.0,3,4,1,31,15,0.0,0.0,0.0,0.0,0.0,3.508329198122071,4.0021482173480845,0.44955903480757997,2.6684729773650067,17.130550000000028
0.0,4,4,1,31,15,0.0,0.0,0.0,0.0,0.0,3.508329198122071,4.0021482173480845,0.382125179586443,2.5350493284967563,17.262400000000014
0.0,5,4,1,31,15,0.0,0.0,0.0,0.0,0.0,3.508329198122071,4.0021482173480845,0.32480640264847654,2.4082968620719183,17.93119999999999
0.0,6,4,1,31,15,0.0,0.0,0.0,0.0,0.0,3.508329198122071,4.0021482173480845,0.27608544225120507,2.287882018968322,16.781650000000013
0.0,7,4,1,31,15,0.0,0.0,0.0,0.0,0.0,3.508329198122071,4.0021482173480845,0.2346726259135243,2.173487918019906,15.445159999999987
0.0,8,4,1,31,15,0.0,0.0,0.0,0.0,0.0,3.508329198122071,4.0021482173480845,0.19947173202649565,2.064813522118911,13.804050000000018
0.0,9,4,1,31,15,0.0,0.0,0.0,0.0,0.0,3.508329198122071,4.0021482173480845,0.1695509722225213,1.961572846012965,13.239300000000014
0.0,10,4,1,31,15,0.0,0.0,0.0,0.0,0.0,3.508329198122071,4.0021482173480845,0.1441183263891431,1.8634942037123168,12.944759999999974
0.0,11,4,1,31,15,0.0,0.0,0.0,0.0,0.0,3.508329198122071,4.0021482173480845,0.12250057743077163,1.7703194935267008,12.724980000000016
0.0,12,4,1,31,15,0.0,0.0,0.0,0.0,0.0,3.0104977678125358,4.0021482173480845,0.10412549081615588,1.6818035188503657,12.514070000000004
0.0,13,4,1,31,15,0.0,0.0,0.0,0.0,0.0,1.0642001733915518,4.0021482173480845,0.0885066671937325,1.5977133429078474,12.29464999999999
0.0,14,4,1,31,15,0.0,0.0,0.0,0.0,0.0,0.0,4.0021482173480845,0.07523066711467262,1.517827675762455,12.17007000000001
0.0,15,4,1,31,15,0.0,0.0,0.0,0.0,0.0,0.0,4.0021482173480845,0.06394606704747173,1.4419362919743322,12.21744000000001
0.0,16,4,1,31,15,0.0,0.0,0.0,0.0,0.0,0.0,4.0021482173480845,0.05435415699035097,1.3698394773756155,12.196529999999996
0.0,17,4,1,31,15,0.0,0.0,0.0,0.0,0.0,0.0,4.0021482173480845,0.04620103344179832,1.3013475035068347,12.206299999999999
0.0,18,4,1,31,15,0.0,0.0,0.0,0.0,0.0,0.0,4.0021482173480845,0.03927087842552857,1.2362801283314928,13.277600000000007
0.0,19,4,1,31,15,0.0,0.0,0.0,0.0,0.0,0.0,4.0021482173480845,0.03338024666169929,1.1744661219149182,14.415160000000014
0.0,20,4,1,31,15,0.0,0.0,0.0,0.0,0.0,0.0,4.0021482173480845,0.028373209662444394,1.1157428158191722,15.124329999999986
0.0,21,4,1,31,15,0.0,0.0,0.0,0.0,0.0,0.0,4.0021482173480845,0.024117228213077734,1.0599556750282135,15.874360000000024
0.0,22,4,1,31,15,0.0,0.0,0.0,0.0,0.0,0.0,4.0021482173480845,0.020499643981116072,1.006957891276803,16.802729999999997
0.0,23,4,1,31,15,0.0,0.0,0.0,0.0,0.0,0.0,4.0021482173480845,0.01742469738394866,0.9566099967129628,17.443330000000003
0.0,0,5,1,31,16,0.0,0.0,0.0,0.0,0.0,0.0,4.0021482173480845,0.014810992776356361,0.9087794968773146,18.03942999999998
0.0,1,5,1,31,16,0.0,0.0,0.0,0.0,0.0,0.0,4.0021482173480845,0.012589343859902907,0.8633405220334489,18.10845999999998
0.0,2,5,1,31,16,0.0,0.0,0.0,0.0,0.0,0.0,3.7550164706611553,0.010700942280917471,0.8201734959317765,18.018250000000023
0.0,3,5,1,31,16,0.0,0.0,0.0,0.0,0.0,0.0,3.5083291981220714,0.00909580093877985,0.7791648211351876,18.071320000000014
0.0,4,5,1,31,16,0.0,0.0,0.0,0.0,0.0,0.0,3.5083291981220714,0.007731430797962872,0.7402065800784282,17.81475999999998
0.0,5,5,1,31,16,0.0,0.0,0.0,0.0,0.0,0.0,3.5083291981220714,0.006571716178268441,0.7031962510745068,17.43216000000001
0.0,6,5,1,31,16,0.0,0.0,0.0,0.0,0.0,0.0,3.5083291981220714,0.005585958751528174,0.6680364385207814,16.742740000000026
0.0,7,5,1,31,16,0.0,0.0,0.0,0.0,0.0,0.0,3.5083291981220714,0.004748064938798948,0.6346346165947423,15.454000000000008
0.0,8,5,1,31,16,0.0,0.0,0.0,0.0,0.0,0.0,3.5083291981220714,0.004035855197979106,0.6029028857650052,14.223850000000027
0.0,9,5,1,31,16,0.0,0.0,0.0,0.0,0.0,0.0,3.5083291981220714,0.0034304769182822398,0.5727577414767548,13.815769999999986
0.0,10,5,1,31,16,0.0,0.0,0.0,0.0,0.0,0.0,3.5083291981220714,0.0029159053805399037,0.5441198544029171,13.557920000000024
0.0,11,5,1,31,16,0.0,0.0,0.0,0.0,0.0,0.0,3.5083291981220714,0.002478519573458918,0.5169138616827712,13.678440000000023
0.0,12,5,1,31,16,0.0,0.0,0.0,0.0,0.0,0.0,3.0104977678125358,0.0021067416374400804,0.4910681685986326,13.928960000000018
0.0,13,5,1,31,16,0.0,0.0,0.0,0.0,0.0,0.0,1.0642001733915518,0.0017907303918240683,0.46651476016870097,13.989750000000015
0.0,14,5,1,31,16,0.0,0.0,0.0,0.0,0.0,0.0,0.0,0.0015221208330504581,0.4431890221602659,13.968439999999987
0.0,15,5,1,31,16,0.0,0.0,0.0,0.0,0.0,0.0,0.0,0.0012938027080928894,0.4210295710522526,13.78946000000002
0.0,16,5,1,31,16,0.0,0.0,0.0,0.0,0.0,0.0,0.0,0.001099732301878956,0.39997809249963995,13.605869999999982
0.0,17,5,1,31,16,0.0,0.0,0.0,0.0,0.0,0.0,0.0,0.0009347724565971126,0.37997918787465795,13.517359999999996
0.0,18,5,1,31,16,0.0,0.0,0.0,0.0,0.0,0.0,0.0,0.0007945565881075457,0.36098022848092504,14.06765999999999
0.0,19,5,1,31,16,0.0,0.0,0.0,0.0,0.0,0.0,0.0,0.0006753730998914139,0.3429312170568788,14.943300000000022
0.0,20,5,1,31,16,0.0,0.0,0.0,0.0,0.0,0.0,0.0,0.0005740671349077018,0.32578465620403485,15.854949999999974
0.0,21,5,1,31,16,0.0,0.0,0.0,0.0,0.0,0.0,0.0,0.0004879570646715465,0.30949542339383307,17.078550000000007
0.0,22,5,1,31,16,0.0,0.0,0.0,0.0,0.0,0.0,0.0,0.0004147635049708145,0.2940206522241414,17.97739999999999
0.0,23,5,1,31,16,0.0,0.0,0.0,0.0,0.0,0.0,0.0,0.00035254897922519236,0.27931961961293433,18.42320000000001
0.0,0,6,1,31,17,0.0,0.0,0.0,0.0,0.0,0.0,0.0,0.0002996666323414135,0.2653536386322876,18.460080000000005
0.0,1,6,1,31,17,0.0,0.0,0.0,0.0,0.0,0.0,0.0,0.0002547166374902015,0.25208595670067324,18.707730000000026
0.0,2,6,1,31,17,0.0,0.0,0.0,0.0,0.0,0.0,0.0,0.00021650914186667128,0.23948165886563957,19.182799999999986
0.0,3,6,1,31,17,0.0,0.0,0.0,0.0,0.0,0.0,0.0,0.00018403277058667058,0.2275075759223576,18.984649999999988
0.0,4,6,1,31,17,0.0,0.0,0.0,0.0,0.0,0.0,0.0,0.00015642785499866998,0.2161321971262397,18.37283000000002
0.0,5,6,1,31,17,0.0,0.0,0.0,0.0,0.0,0.0,0.0,0.00013296367674886948,0.20532558726992772,17.57062000000002
0.0,6,6,1,31,17,0.0,0.0,0.0,0.0,0.0,0.0,0.0,0.00011301912523653904,0.19505930790643133,16.899929999999983
0.0,7,6,1,31,17,0.0,0.0,0.0,0.0,0.0,0.0,0.0,9.606625645105818e-05,0.18530634251110975,16.15949999999998
0.0,8,6,1,31,17,0.0,0.0,0.0,0.0,0.0,0.0,0.0,8.165631798339945e-05,0.17604102538555425,14.634000000000015
0.0,9,6,1,31,17,0.0,0.0,0.0,0.0,0.0,0.0,0.0,6.940787028588953e-05,0.16723897411627653,13.831479999999999
0.0,10,6,1,31,17,0.0,0.0,0.0,0.0,0.0,0.0,0.0,5.89966897430061e-05,0.1588770254104627,13.454200000000014
0.0,11,6,1,31,17,0.0,0.0,0.0,0.0,0.0,0.0,0.0,5.014718628155518e-05,0.15093317413993956,12.89960000000002
0.0,12,6,1,31,17,0.0,0.0,0.0,0.0,0.0,0.0,0.0,4.26251083393219e-05,0.1433865154329426,11.472050000000024
0.0,13,6,1,31,17,0.0,0.0,0.0,0.0,0.0,0.0,0.0,3.6231342088423614e-05,0.13621718966129545,14.470799999999997
0.0,14,6,1,31,17,0.0,0.0,0.0,0.0,0.0,0.0,0.0,3.079664077516007e-05,0.12940633017823067,13.501680000000022
0.0,15,6,1,31,17,0.0,0.0,0.0,0.0,0.0,0.0,0.0,2.617714465888606e-05,0.12293601366931912,12.643199999999979
0.0,16,6,1,31,17,0.0,0.0,0.0,0.0,0.0,0.0,0.0,2.225057296005315e-05,0.11678921298585317,12.21350000000001
0.0,17,6,1,31,17,0.0,0.0,0.0,0.0,0.0,0.0,0.0,1.8912987016045177e-05,0.1109497523365605,11.975430000000017
0.0,18,6,1,31,17,0.0,0.0,0.0,0.0,0.0,0.0,0.0,1.60760389636384e-05,0.10540226471973246,12.763520000000028
0.0,19,6,1,31,17,0.0,0.0,0.0,0.0,0.0,0.0,0.0,1.3664633119092639e-05,0.10013215148374584,14.249660000000006
0.0,20,6,1,31,17,0.0,0.0,0.0,0.0,0.0,0.0,0.0,1.1614938151228742e-05,0.09512554390955855,15.42919999999998
0.0,21,6,1,31,17,0.0,0.0,0.0,0.0,0.0,0.0,0.0,9.87269742854443e-06,0.09036926671408062,16.283569999999997
0.0,22,6,1,31,17,0.0,0.0,0.0,0.0,0.0,0.0,0.0,8.391792814262765e-06,0.08585080337837658,16.96456999999998
0.0,23,6,1,31,17,0.0,0.0,0.0,0.0,0.0,0.0,0.0,7.13302389212335e-06,0.08155826320945775,17.4615
0.0,0,0,1,31,18,0.0,0.0,0.0,0.0,0.0,0.0,0.0,6.063070308304847e-06,0.07748035004898486,17.947080000000028
0.0,1,0,1,31,18,0.0,0.0,0.0,0.0,0.0,0.0,0.0,5.15360976205912e-06,0.07360633254653562,18.192999999999984
0.0,2,0,1,31,18,0.0,0.0,0.0,0.0,0.0,0.0,0.0,4.380568297750252e-06,0.06992601591920883,18.202729999999974
0.0,3,0,1,31,18,0.0,0.0,0.0,0.0,0.0,0.0,0.0,3.7234830530877143e-06,0.06642971512324838,17.956880000000012
0.0,4,0,1,31,18,0.0,0.0,0.0,0.0,0.0,0.0,0.0,3.164960595124557e-06,0.06310822936708596,17.451700000000017
0.0,5,0,1,31,18,0.0,0.0,0.0,0.0,0.0,0.0,0.0,2.6902165058558736e-06,0.05995281789873166,16.599199999999996
0.0,6,0,1,31,18,0.0,0.0,0.0,0.0,0.0,0.0,0.0,2.2866840299774926e-06,0.05695517700379507,15.63560000000001
0.0,7,0,1,31,18,0.0,0.0,0.0,0.0,0.0,0.0,0.0,1.9436814254808686e-06,0.05410741815360531,14.322749999999985
0.0,8,0,1,31,18,0.0,0.0,0.0,0.0,0.0,0.0,0.0,1.6521292116587384e-06,0.051402047245925044,12.477599999999995
0.0,9,0,1,31,18,0.0,0.0,0.0,0.0,0.0,0.0,0.0,1.4043098299099275e-06,0.04883194488362879,11.083000000000027
0.0,10,0,1,31,18,0.0,0.0,0.0,0.0,0.0,0.0,0.0,1.1936633554234384e-06,0.04639034763944735,9.966799999999978
0.0,11,0,1,31,18,0.0,0.0,0.0,0.0,0.0,0.0,0.0,1.0146138521099227e-06,0.04407083025747498,9.297149999999988
0.0,12,0,1,31,18,0.0,0.0,0.0,0.0,0.0,0.0,0.0,8.624217742934342e-07,0.04186728874460122,8.89364999999998
0.0,13,0,1,31,18,0.0,0.0,0.0,0.0,0.0,0.0,0.0,7.330585081494191e-07,0.03977392430737116,8.677919999999972
0.0,14,0,1,31,18,0.0,0.0,0.0,0.0,0.0,0.0,0.0,6.230997319270062e-07,0.0377852280920026,8.455960000000005
0.0,15,0,1,31,18,0.0,0.0,0.0,0.0,0.0,0.0,0.0,5.296347721379552e-07,0.03589596668740246,8.275300000000016
0.0,16,0,1,31,18,0.0,0.0,0.0,0.0,0.0,0.0,0.0,4.501895563172619e-07,0.03410116835303234,8.111300000000028
0.0,17,0,1,31,18,0.0,0.0,0.0,0.0,0.0,0.0,0.0,3.826611228696726e-07,0.032396109935380724,8.019439999999975
0.0,18,0,1,31,18,0.0,0.0,0.0,0.0,0.0,0.0,0.0,3.252619544392217e-07,0.030776304438611686,8.97005999999999
0.0,19,0,1,31,18,0.0,0.0,0.0,0.0,0.0,0.0,0.0,2.7647266127333844e-07,0.029237489216681102,10.958039999999983
0.0,20,0,1,31,18,0.0,0.0,0.0,0.0,0.0,0.0,0.0,2.3500176208233768e-07,0.027775614755847045,13.329769999999996
0.0,21,0,1,31,18,0.0,0.0,0.0,0.0,0.0,0.0,0.0,1.9975149776998702e-07,0.02638683401805469,15.400449999999978
0.0,22,0,1,31,18,0.0,0.0,0.0,0.0,0.0,0.0,0.0,1.6978877310448896e-07,0.025067492317151954,17.024
0.0,23,0,1,31,18,0.0,0.0,0.0,0.0,0.0,0.0,0.0,1.4432045713881563e-07,0.023814117701294355,18.25916000000001
0.0,0,1,1,31,19,0.0,0.0,0.0,0.0,0.0,0.0,0.0,1.2267238856799327e-07,0.022623411816229635,19.287959999999998
0.0,1,1,1,31,19,0.0,0.0,0.0,0.0,0.0,0.0,0.0,1.0427153028279428e-07,0.02149224122541815,20.052639999999997
0.0,2,1,1,31,19,0.0,0.0,0.0,0.0,0.0,0.0,0.0,8.863080074037514e-08,0.020417629164147244,20.435900000000004
0.0,3,1,1,31,19,0.0,0.0,0.0,0.0,0.0,0.0,0.0,7.533618062931886e-08,0.019396747705939882,20.357100000000003
0.0,4,1,1,31,19,0.0,0.0,0.0,0.0,0.0,0.0,0.0,6.403575353492104e-08,0.01842691032064289,19.886439999999993
0.0,5,1,1,31,19,0.0,0.0,0.0,0.0,0.0,0.0,0.0,5.443039050468288e-08,0.017505564804610744,19.206849999999974
0.0,6,1,1,31,19,0.0,0.0,0.0,0.0,0.0,0.0,0.0,4.626583192898045e-08,0.016630286564380207,18.315980000000025
0.0,7,1,1,31,19,0.0,0.0,0.0,0.0,0.0,0.0,0.0,3.932595713963338e-08,0.015798772236161197,16.796879999999987
0.0,8,1,1,31,19,0.0,0.0,0.0,0.0,0.0,0.0,0.0,3.3427063568688374e-08,0.015008833624353136,14.578160000000025
0.0,9,1,1,31,19,0.0,0.0,0.0,0.0,0.0,0.0,0.0,2.8413004033385118e-08,0.014258391943135478,13.192200000000014
0.0,10,1,1,31,19,0.0,0.0,0.0,0.0,0.0,0.0,0.0,2.415105342837735e-08,0.013545472345978703,12.24045000000001
0.0,11,1,1,31,19,0.0,0.0,0.0,0.0,0.0,0.0,0.0,2.0528395414120748e-08,0.012868198728679768,11.671359999999993
0.0,12,1,1,31,19,0.0,0.0,0.0,0.0,0.0,0.0,0.0,1.7449136102002636e-08,0.01222478879224578,11.365749999999991
0.0,13,1,1,31,19,0.0,0.0,0.0,0.0,0.0,0.0,0.0,1.483176568670224e-08,0.011613549352633491,11.194729999999993
0.0,14,1,1,31,19,0.0,0.0,0.0,0.0,0.0,0.0,0.0,1.2607000833696903e-08,0.011032871885001816,11.063260000000014
0.0,15,1,1,31,19,0.0,0.0,0.0,0.0,0.0,0.0,0.0,1.0715950708642367e-08,0.010481228290751725,10.741499999999974
0.0,16,1,1,31,19,0.0,0.0,0.0,0.0,0.0,0.0,0.0,9.108558102346012e-09,0.009957166876214138,10.402859999999976
0.0,17,1,1,31,19,0.0,0.0,0.0,0.0,0.0,0.0,0.0,7.74227438699411e-09,0.00945930853240343,10.20544000000001
0.0,18,1,1,31,19,0.0,0.0,0.0,0.0,0.0,0.0,0.0,6.580933228944994e-09,0.008986343105783258,11.685969999999998
0.0,19,1,1,31,19,0.0,0.0,0.0,0.0,0.0,0.0,0.0,5.593793244603245e-09,0.008537025950494095,14.473970000000008
0.0,20,1,1,31,19,0.0,0.0,0.0,0.0,0.0,0.0,0.0,4.7547242579127585e-09,0.00811017465296939,17.463000000000022
0.0,21,1,1,31,19,0.0,0.0,0.0,0.0,0.0,0.0,0.0,4.041515619225845e-09,0.00770466592032092,19.534100000000024
0.0,22,1,1,31,19,0.0,0.0,0.0,0.0,0.0,0.0,0.0,3.435288276341968e-09,0.007319432624304873,21.254970000000014
0.0,23,1,1,31,19,0.0,0.0,0.0,0.0,0.0,0.0,0.0,2.919995034890673e-09,0.0069534609930896295,22.13303000000002
0.0,0,2,1,31,20,0.0,0.0,0.0,0.0,0.0,0.0,0.0,2.4819957796570717e-09,0.006605787943435148,22.539859999999976
0.0,1,2,1,31,20,0.0,0.0,0.0,0.0,0.0,0.0,0.0,2.109696412708511e-09,0.0062754985462633904,22.88409999999999
0.0,2,2,1,31,20,0.0,0.0,0.0,0.0,0.0,0.0,0.0,1.7932419508022342e-09,0.0059617236189502204,22.916530000000023
0.0,3,2,1,31,20,0.0,0.0,0.0,0.0,0.0,0.0,0.0,1.524255658181899e-09,0.005663637438002709,22.989899999999977
0.0,4,2,1,31,20,0.0,0.0,0.0,0.0,0.0,0.0,0.0,1.2956173094546141e-09,0.005380455566102573,22.803769999999986
0.0,5,2,1,31,20,0.0,0.0,0.0,0.0,0.0,0.0,0.0,1.101274713036422e-09,0.005111432787797444,22.003100000000018
0.0,6,2,1,31,20,0.0,0.0,0.0,0.0,0.0,0.0,0.0,9.360835060809587e-10,0.004855861148407572,20.52294999999998
0.0,7,2,1,31,20,0.0,0.0,0.0,0.0,0.0,0.0,0.0,7.956709801688149e-10,0.004613068090987193,18.186860000000024
0.0,8,2,1,31,20,0.0,0.0,0.0,0.0,0.0,0.0,0.0,6.763203331434926e-10,0.004382414686437833,15.34802000000002
0.0,9,2,1,31,20,0.0,0.0,0.0,0.0,0.0,0.0,0.0,5.748722831719687e-10,0.004163293952115941,13.461670000000026
0.0,10,2,1,31,20,0.0,0.0,0.0,0.0,0.0,0.0,0.0,4.886414406961734e-10,0.003955129254510144,12.416170000000022
0.0,11,2,1,31,20,0.0,0.0,0.0,0.0,0.0,0.0,0.0,4.153452245917474e-10,0.0037573727917846363,11.549500000000023
0.0,12,2,1,31,20,0.0,0.0,0.0,0.0,0.0,0.0,0.0,3.530434409029853e-10,0.003569504152195404,10.618499999999983
0.0,13,2,1,31,20,0.0,0.0,0.0,0.0,0.0,0.0,0.0,3.000869247675375e-10,0.0033910289445856336,10.330960000000005
0.0,14,2,1,31,20,0.0,0.0,0.0,0.0,0.0,0.0,0.0,2.5507388605240687e-10,0.003221477497356352,10.125459999999975
0.0,15,2,1,31,20,0.0,0.0,0.0,0.0,0.0,0.0,0.0,2.1681280314454583e-10,0.003060403622488534,9.987500000000011
0.0,16,2,1,31,20,0.0,0.0,0.0,0.0,0.0,0.0,0.0,1.8429088267286394e-10,0.002907383441364107,9.596299999999985
0.0,17,2,1,31,20,0.0,0.0,0.0,0.0,0.0,0.0,0.0,1.5664725027193433e-10,0.0027620142692959017,9.524780000000021
0.0,18,2,1,31,20,0.0,0.0,0.0,0.0,0.0,0.0,0.0,1.3315016273114417e-10,0.0026239135558311067,10.345399999999984
0.0,19,2,1,31,20,0.0,0.0,0.0,0.0,0.0,0.0,0.0,1.1317763832147254e-10,0.0024927178780395514,11.905820000000006
0.0,20,2,1,31,20,0.0,0.0,0.0,0.0,0.0,0.0,0.0,9.620099257325165e-11,0.0023680819841375737,14.418099999999981
0.0,21,2,1,31,20,0.0,0.0,0.0,0.0,0.0,0.0,0.0,8.17708436872639e-11,0.002249677884930695,16.60239999999999
0.0,22,2,1,31,20,0.0,0.0,0.0,0.0,0.0,0.0,0.0,6.950521713417432e-11,0.00213719399068416,18.454250000000002
0.0,23,2,1,31,20,0.0,0.0,0.0,0.0,0.0,0.0,0.0,5.907943456404817e-11,0.0020303342911499518,19.690429999999992
0.0,0,3,1,31,21,0.0,0.0,0.0,0.0,0.0,0.0,0.0,5.021751937944094e-11,0.0019288175765924541,20.364440000000002
0.0,1,3,1,31,21,0.0,0.0,0.0,0.0,0.0,0.0,0.0,4.26848914725248e-11,0.0018323766977628314,20.732820000000004
0.0,2,3,1,31,21,0.0,0.0,0.0,0.0,0.0,0.0,0.0,3.628215775164608e-11,0.0017407578628746898,20.58159999999998
0.0,3,3,1,31,21,0.0,0.0,0.0,0.0,0.0,0.0,0.0,3.083983408889917e-11,0.0016537199697309552,19.95792
0.0,4,3,1,31,21,0.0,0.0,0.0,0.0,0.0,0.0,0.0,2.6213858975564294e-11,0.0015710339712444073,18.908399999999972
0.0,5,3,1,31,21,0.0,0.0,0.0,0.0,0.0,0.0,0.0,2.2281780129229648e-11,0.0014924822726821868,17.463000000000022
0.0,6,3,1,31,21,0.0,0.0,0.0,0.0,0.0,0.0,0.0,1.89395131098452e-11,0.0014178581590480774,15.712220000000002
0.0,7,3,1,31,21,0.0,0.0,0.0,0.0,0.0,0.0,0.0,1.609858614336842e-11,0.0013469652510956734,14.13979999999998
0.0,8,3,1,31,21,0.0,0.0,0.0,0.0,0.0,0.0,0.0,1.3683798221863156e-11,0.0012796169885408897,12.983920000000012
0.0,9,3,1,31,21,0.0,0.0,0.0,0.0,0.0,0.0,0.0,1.1631228488583682e-11,0.0012156361391138452,12.314270000000022
0.0,10,3,1,31,21,0.0,0.0,0.0,0.0,0.0,0.0,0.0,9.88654421529613e-12,0.0011548543321581528,12.027899999999988
0.0,11,3,1,31,21,0.0,0.0,0.0,0.0,0.0,0.0,0.0,8.40356258300171e-12,0.0010971116155502451,12.040129999999976
0.0,12,3,1,31,21,0.0,0.0,0.0,0.0,0.0,0.0,0.0,7.143028195551453e-12,0.0010422560347727327,12.153840000000002
0.0,13,3,1,31,21,0.0,0.0,0.0,0.0,0.0,0.0,0.0,6.071573966218735e-12,0.0009901432330340961,11.98399999999998
0.0,14,3,1,31,21,0.0,0.0,0.0,0.0,0.0,0.0,0.0,5.160837871285925e-12,0.0009406360713823912,11.701720000000023
0.0,15,3,1,31,21,0.0,0.0,0.0,0.0,0.0,0.0,0.0,4.3867121905930356e-12,0.0008936042678132717,11.545900000000017
0.0,16,3,1,31,21,0.0,0.0,0.0,0.0,0.0,0.0,0.0,3.72870536200408e-12,0.0008489240544226081,11.284179999999992
0.0,17,3,1,31,21,0.0,0.0,0.0,0.0,0.0,0.0,0.0,3.169399557703468e-12,0.0008064778517014776,10.966740000000016
0.0,18,3,1,31,21,0.0,0.0,0.0,0.0,0.0,0.0,0.0,2.6939896240479475e-12,0.0007661539591164037,11.323969999999974
0.0,19,3,1,31,21,0.0,0.0,0.0,0.0,0.0,0.0,0.0,2.2898911804407554e-12,0.0007278462611605835,12.536830000000009
0.0,20,3,1,31,21,0.0,0.0,0.0,0.0,0.0,0.0,0.0,1.946407503374642e-12,0.0006914539481025543,14.454960000000028
0.0,21,3,1,31,21,0.0,0.0,0.0,0.0,0.0,0.0,0.0,1.6544463778684459e-12,0.0006568812506974266,16.869169999999997
0.0,22,3,1,31,21,0.0,0.0,0.0,0.0,0.0,0.0,0.0,1.4062794211881789e-12,0.0006240371881625552,19.623659999999973
0.0,23,3,1,31,21,0.0,0.0,0.0,0.0,0.0,0.0,0.0,1.195337508009952e-12,0.0005928353287544274,20.749419999999986
0.0,0,4,1,31,22,0.0,0.0,0.0,0.0,0.0,0.0,0.0,1.0160368818084592e-12,0.000563193562316706,21.111080000000015
0.0,1,4,1,31,22,0.0,0.0,0.0,0.0,0.0,0.0,0.0,8.636313495371903e-13,0.0005350338842008707,20.383800000000008
0.0,2,4,1,31,22,0.0,0.0,0.0,0.0,0.0,0.0,0.0,7.340866471066117e-13,0.0005082821899908271,19.939999999999998
0.0,3,4,1,31,22,0.0,0.0,0.0,0.0,0.0,0.0,0.0,6.239736500406199e-13,0.0004828680804912857,19.502869999999973
0.0,4,4,1,31,22,0.0,0.0,0.0,0.0,0.0,0.0,0.0,5.303776025345269e-13,0.0004587246764667214,19.01495
0.0,5,4,1,31,22,0.0,0.0,0.0,0.0,0.0,0.0,0.0,4.5082096215434785e-13,0.00043578844264338527,18.413599999999974
0.0,6,4,1,31,22,0.0,0.0,0.0,0.0,0.0,0.0,0.0,3.831978178311957e-13,0.000413999020511216,18.29092000000003
0.0,7,4,1,31,22,0.0,0.0,0.0,0.0,0.0,0.0,0.0,3.257181451565163e-13,0.0003932990694856552,17.772249999999985
0.0,8,4,1,31,22,0.0,0.0,0.0,0.0,0.0,0.0,0.0,2.7686042338303885e-13,0.0003736341160113724,16.58159999999998
0.0,9,4,1,31,22,0.0,0.0,0.0,0.0,0.0,0.0,0.0,2.35331359875583e-13,0.00035495241021080376,15.283659999999998
0.0,10,4,1,31,22,0.0,0.0,0.0,0.0,0.0,0.0,0.0,2.0003165589424555e-13,0.00033720478970026353,13.270140000000026
0.0,11,4,1,31,22,0.0,0.0,0.0,0.0,0.0,0.0,0.0,1.700269075101087e-13,0.00032034455021525034,12.948329999999999
0.0,12,4,1,31,22,0.0,0.0,0.0,0.0,0.0,0.0,0.0,1.445228713835924e-13,0.0003043273227044878,12.470199999999977
0.0,13,4,1,31,22,0.0,0.0,0.0,0.0,0.0,0.0,0.0,1.2284444067605354e-13,0.00028911095656926344,13.245200000000011
0.0,14,4,1,31,22,0.0,0.0,0.0,0.0,0.0,0.0,0.0,1.0441777457464551e-13,0.00027465540874080027,13.181240000000003
0.0,15,4,1,31,22,0.0,0.0,0.0,0.0,0.0,0.0,0.0,8.875510838844868e-14,0.00026092263830376024,13.121219999999994
0.0,16,4,1,31,22,0.0,0.0,0.0,0.0,0.0,0.0,0.0,7.544184213018137e-14,0.0002478765063885722,13.737700000000018
0.0,17,4,1,31,22,0.0,0.0,0.0,0.0,0.0,0.0,0.0,6.412556581065416e-14,0.00023548268106914357,13.352970000000028
0.0,18,4,1,31,22,0.0,0.0,0.0,0.0,0.0,0.0,0.0,5.4506730939056034e-14,0.0002237085470156864,14.3519
0.0,19,4,1,31,22,0.0,0.0,0.0,0.0,0.0,0.0,0.0,4.6330721298197626e-14,0.00021252311966490206,16.445069999999987
0.0,20,4,1,31,22,0.0,0.0,0.0,0.0,0.0,0.0,0.0,3.938111310346798e-14,0.00020189696368165695,18.037800000000004
0.0,21,4,1,31,22,0.0,0.0,0.0,0.0,0.0,0.0,0.0,3.347394613794778e-14,0.0001918021154975741,18.730959999999982
0.0,22,4,1,31,22,0.0,0.0,0.0,0.0,0.0,0.0,0.0,2.845285421725561e-14,0.0001822120097226954,19.732799999999997
0.0,23,4,1,31,22,0.0,0.0,0.0,0.0,0.0,0.0,0.0,2.4184926084667268e-14,0.00017310140923656062,20.496339999999975
0.0,0,5,1,31,23,0.0,0.0,0.0,0.0,0.0,0.0,0.0,2.0557187171967176e-14,0.00016444633877473258,21.20229999999998
0.0,1,5,1,31,23,0.0,0.0,0.0,0.0,0.0,0.0,0.0,1.74736090961721e-14,0.00015622402183599596,21.74984999999998
0.0,2,5,1,31,23,0.0,0.0,0.0,0.0,0.0,0.0,0.0,1.4852567731746284e-14,0.00014841282074419616,22.166960000000017
0.0,3,5,1,31,23,0.0,0.0,0.0,0.0,0.0,0.0,0.0,1.262468257198434e-14,0.00014099217970698635,22.091979999999978
0.0,4,5,1,31,23,0.0,0.0,0.0,0.0,0.0,0.0,0.0,1.073098018618669e-14,0.00013394257072163704,21.96640000000002
0.0,5,5,1,31,23,0.0,0.0,0.0,0.0,0.0,0.0,0.0,9.121333158258685e-15,0.00012724544218555519,21.455319999999972
0.0,6,5,1,31,23,0.0,0.0,0.0,0.0,0.0,0.0,0.0,7.753133184519882e-15,0.00012088317007627742,20.163099999999986
0.0,7,5,1,31,23,0.0,0.0,0.0,0.0,0.0,0.0,0.0,6.5901632068418995e-15,0.00011483901157246354,18.242399999999975
0.0,8,5,1,31,23,0.0,0.0,0.0,0.0,0.0,0.0,0.0,5.601638725815615e-15,0.00010909706099384037,16.487120000000004
0.0,9,5,1,31,23,0.0,0.0,0.0,0.0,0.0,0.0,0.0,4.761392916943272e-15,0.00010364220794414835,15.423519999999996
0.0,10,5,1,31,23,0.0,0.0,0.0,0.0,0.0,0.0,0.0,4.047183979401781e-15,9.846009754694092e-05,14.780520000000024
0.0,11,5,1,31,23,0.0,0.0,0.0,0.0,0.0,0.0,0.0,3.440106382491514e-15,9.353709266959386e-05,14.198849999999993
0.0,12,5,1,31,23,0.0,0.0,0.0,0.0,0.0,0.0,0.0,2.924090425117787e-15,8.886023803611416e-05,13.230380000000025
0.0,13,5,1,31,23,0.0,0.0,0.0,0.0,0.0,0.0,0.0,2.485476861350119e-15,8.441722613430845e-05,13.409550000000024
0.0,14,5,1,31,23,0.0,0.0,0.0,0.0,0.0,0.0,0.0,2.112655332147601e-15,8.019636482759302e-05,13.284400000000005
0.0,15,5,1,31,23,0.0,0.0,0.0,0.0,0.0,0.0,0.0,1.795757032325461e-15,7.618654658621338e-05,12.107730000000004
0.0,16,5,1,31,23,0.0,0.0,0.0,0.0,0.0,0.0,0.0,1.5263934774766417e-15,7.23772192569027e-05,11.178470000000004
1.070042697054948,17,5,1,31,23,0.0,0.0,1.070042697054948,1.070042697054948,1.070042697054948,1.070042697054948,1.070042697054948,1.2974344558551454e-15,6.875835829405756e-05,11.434169999999995
1.112721708974897,18,5,1,31,23,1.070042697054948,0.0,2.182764406029845,2.182764406029845,2.182764406029845,2.182764406029845,2.182764406029845,1.070042697054949,1.0701080174953272,10.776099999999985
0.5471868811640153,19,5,1,31,23,1.112721708974897,1.070042697054948,2.7299512871938605,2.7299512871938605,2.7299512871938605,2.7299512871938605,2.7299512871938605,2.0222580014716036,2.1293243255954577,10.806699999999978
6.505839171138977,20,5,1,31,23,0.5471868811640153,1.112721708974897,8.165747761277888,9.235790458332836,9.235790458332836,9.235790458332836,9.235790458332836,2.2661061824148785,2.5700449904797003,11.033450000000016
4.318977006341558,21,5,1,31,23,6.505839171138977,0.5471868811640153,11.37200305864455,13.554767464674395,13.554767464674395,13.554767464674395,13.554767464674395,8.432029426191622,8.947381912094691,10.123960000000011
0.0,22,5,1,31,23,4.318977006341558,6.505839171138977,10.824816177480535,13.554767464674395,13.554767464674395,13.554767464674395,13.554767464674395,11.486202018604438,12.818989822831515,10.783299999999997
0.0,23,5,1,31,23,0.0,4.318977006341558,4.318977006341558,12.484724767619447,13.554767464674395,13.554767464674395,13.554767464674395,9.763271715813772,12.178040331689939,12.437619999999981
0.5600414612024234,0,6,1,31,24,0.0,0.0,0.5600414612024234,11.932044519846974,14.114808925876819,14.114808925876819,14.114808925876819,8.298780958441705,11.569138315105441,11.23345999999998
0.0,1,6,1,31,24,0.5600414612024234,0.0,0.5600414612024234,11.38485763868296,14.114808925876819,14.114808925876819,14.114808925876819,7.614005275877872,11.550722860552593,10.727779999999996
0.0,2,6,1,31,24,0.0,0.5600414612024234,0.5600414612024234,4.879018467543981,14.114808925876819,14.114808925876819,14.114808925876819,6.471904484496191,10.973186717524962,11.93234000000001
0.5661926598144027,3,6,1,31,24,0.0,0.0,0.5661926598144027,1.126234121016826,14.68100158569122,14.68100158569122,14.68100158569122,5.501118811821763,10.424527381648714,12.064540000000022
0.0,4,6,1,31,24,0.5661926598144027,0.0,0.5661926598144027,1.126234121016826,14.68100158569122,14.68100158569122,14.68100158569122,5.242143649862902,10.46949367238068,11.483979999999974
0.4853462461921288,5,6,1,31,24,0.0,0.5661926598144027,1.0515389060065314,1.6115803672089548,14.096305134828402,15.16634783188335,15.16634783188335,4.4558221023834665,9.946018988761645,11.721299999999985
0.559971413769398,6,6,1,31,24,0.4853462461921288,0.0,1.0453176599615268,1.6115103197759295,13.543554839622903,15.726319245652748,15.726319245652748,4.272795033218076,9.934064285515692,10.817960000000028
2.546139411800336,7,6,1,31,24,0.559971413769398,0.4853462461921288,3.5914570717618632,4.1576497315762655,15.542507370259225,18.272458657453086,18.272458657453086,4.191847192004762,9.997332485009306,9.890559999999994
1.047427916907101,8,6,1,31,24,2.546139411800336,0.559971413769398,4.153538742476836,5.205077648483367,10.084096116027347,19.319886574360186,19.319886574360186,6.109209525004385,12.043605272559176,8.765469999999993
2.6390831130146424,9,6,1,31,24,1.047427916907101,2.546139411800336,6.23265044172208,7.277968101683607,8.404202222700434,21.95896968737483,21.95896968737483,6.2402560131608285,12.488852925838318,8.577499999999986
4.885379894579969,10,6,1,31,24,2.6390831130146424,1.047427916907101,8.571890924501712,12.163347996263575,13.289582117280402,26.844349581954795,26.844349581954795,7.943300724201347,14.503493392561044,7.845730000000003
2.028283963684513,11,6,1,31,24,4.885379894579969,2.6390831130146424,9.552746971279124,13.706285713755959,15.317866080964915,28.87263354563931,28.87263354563931,11.637185510151113,18.66369861751296,8.027899999999988
0.0,12,6,1,31,24,2.028283963684513,4.885379894579969,6.913663858264481,13.14631429998656,14.757824619762491,28.87263354563931,28.87263354563931,11.919891647312959,19.758797650321824,6.493260000000021
0.0,13,6,1,31,24,0.0,2.028283963684513,2.028283963684513,10.600174888186224,14.757824619762491,28.87263354563931,28.87263354563931,10.131907900216014,18.770857767805733,5.572420000000022
0.0,14,6,1,31,24,0.0,0.0,0.0,9.552746971279124,14.757824619762491,28.87263354563931,28.87263354563931,8.612121715183612,17.832314879415446,5.903349999999989
0.0,15,6,1,31,24,0.0,0.0,0.0,6.913663858264481,14.19163195994809,28.87263354563931,28.87263354563931,7.32030345790607,16.94069913544467,6.890780000000007
0.0,16,6,1,31,24,0.0,0.0,0.0,2.028283963684513,14.19163195994809,28.87263354563931,28.87263354563931,6.222257939220159,16.093664178672437,6.314099999999996
0.0,17,6,1,31,24,0.0,0.0,0.0,0.0,13.70628571375596,27.802590848584362,28.87263354563931,5.288919248337136,15.288980969738814,6.18365
0.0,18,6,1,31,24,0.0,0.0,0.0,0.0,13.146314299986562,26.689869139609463,28.87263354563931,4.495581361086566,14.524531921251873,7.952420000000018
0.0,19,6,1,31,24,0.0,0.0,0.0,0.0,10.600174888186226,26.14268225844545,28.87263354563931,3.8212441569235804,13.798305325189279,10.196469999999977
0.0,20,6,1,31,24,0.0,0.0,0.0,0.0,9.552746971279126,19.636843087306474,28.87263354563931,3.2480575333850434,13.108390058929814,12.051400000000001
0.0,21,6,1,31,24,0.0,0.0,0.0,0.0,6.913663858264481,15.317866080964915,28.87263354563931,2.760848903377287,12.452970555983322,13.413270000000011
0.0,22,6,1,31,24,0.0,0.0,0.0,0.0,2.028283963684513,15.317866080964915,28.87263354563931,2.3467215678706936,11.830322028184156,13.692439999999976
0.0,23,6,1,31,24,0.0,0.0,0.0,0.0,0.0,15.317866080964915,28.87263354563931,1.9947133326900894,11.238805926774948,13.515260000000012
0.0,0,0,1,31,25,0.0,0.0,0.0,0.0,0.0,14.757824619762491,28.87263354563931,1.695506332786576,10.6768656304362,14.300900000000013
0.0,1,0,1,31,25,0.0,0.0,0.0,0.0,0.0,14.757824619762491,28.87263354563931,1.4411803828685896,10.14302234891439,14.80453
0.0,2,0,1,31,25,0.0,0.0,0.0,0.0,0.0,14.757824619762491,28.87263354563931,1.2250033254383013,9.63587123146867,14.674530000000004
0.0,3,0,1,31,25,0.0,0.0,0.0,0.0,0.0,14.19163195994809,28.87263354563931,1.041252826622556,9.154077669895235,14.523959999999988
0.0,4,0,1,31,25,0.0,0.0,0.0,0.0,0.0,14.19163195994809,28.87263354563931,0.8850649026291726,8.696373786400473,13.751770000000022
0.0,5,0,1,31,25,0.0,0.0,0.0,0.0,0.0,13.70628571375596,28.87263354563931,0.7523051672347967,8.26155509708045,13.281000000000006
0.0,6,0,1,31,25,0.0,0.0,0.0,0.0,0.0,13.146314299986562,28.87263354563931,0.6394593921495771,7.848477342226427,12.859300000000019
0.0,7,0,1,31,25,0.0,0.0,0.0,0.0,0.0,10.600174888186226,28.87263354563931,0.5435404833271406,7.456053475115105,11.988
0.0,8,0,1,31,25,0.0,0.0,0.0,0.0,0.0,9.552746971279126,28.87263354563931,0.46200941082806946,7.08325080135935,10.123379999999997
0.0,9,0,1,31,25,0.0,0.0,0.0,0.0,0.0,6.913663858264481,28.87263354563931,0.392707999203859,6.729088261291382,9.02292
0.0,10,0,1,31,25,0.0,0.0,0.0,0.0,0.0,2.028283963684513,28.87263354563931,0.33380179932328014,6.392633848226813,7.936649999999986
0.0,11,0,1,31,25,0.0,0.0,0.0,0.0,0.0,0.0,28.87263354563931,0.28373152942478813,6.073002155815472,7.743400000000008
0.0,12,0,1,31,25,0.0,0.0,0.0,0.0,0.0,0.0,28.87263354563931,0.24117180001106991,5.7693520480246985,8.668060000000025
0.0,13,0,1,31,25,0.0,0.0,0.0,0.0,0.0,0.0,28.87263354563931,0.2049960300094094,5.480884445623463,9.408050000000003
0.0,14,0,1,31,25,0.0,0.0,0.0,0.0,0.0,0.0,28.87263354563931,0.174246625507998,5.20684022334229,9.531999999999982
0.0,15,0,1,31,25,0.0,0.0,0.0,0.0,0.0,0.0,28.87263354563931,0.1481096316817983,4.946498212175175,9.389900000000011
0.0,16,0,1,31,25,0.0,0.0,0.0,0.0,0.0,0.0,28.87263354563931,0.12589318692952856,4.699173301566416,10.131199999999978
0.0,17,0,1,31,25,0.0,0.0,0.0,0.0,0.0,0.0,27.802590848584362,0.10700920889009927,4.464214636488095,10.916719999999998
0.0,18,0,1,31,25,0.0,0.0,0.0,0.0,0.0,0.0,26.689869139609463,0.09095782755658438,4.241003904663691,12.136320000000012
0.0,19,0,1,31,25,0.0,0.0,0.0,0.0,0.0,0.0,26.14268225844545,0.07731415342309672,4.028953709430506,14.310940000000016
0.0,20,0,1,31,25,0.0,0.0,0.0,0.0,0.0,0.0,19.636843087306474,0.06571703040963221,3.82750602395898,15.822330000000022
0.0,21,0,1,31,25,0.0,0.0,0.0,0.0,0.0,0.0,15.317866080964915,0.05585947584818738,3.636130722761031,16.838869999999986
0.0,22,0,1,31,25,0.0,0.0,0.0,0.0,0.0,0.0,15.317866080964915,0.04748055447095927,3.4543241866229795,17.489700000000028
0.0,23,0,1,31,25,0.0,0.0,0.0,0.0,0.0,0.0,15.317866080964915,0.040358471300315384,3.2816079772918303,17.871860000000027
0.0,0,1,1,31,26,0.0,0.0,0.0,0.0,0.0,0.0,14.757824619762491,0.03430470060526807,3.1175275784272385,18.086430000000007
0.0,1,1,1,31,26,0.0,0.0,0.0,0.0,0.0,0.0,14.757824619762491,0.02915899551447786,2.9616511995058765,18.235929999999996
0.0,2,1,1,31,26,0.0,0.0,0.0,0.0,0.0,0.0,14.757824619762491,0.02478514618730618,2.813568639530583,18.326300000000003
0.0,3,1,1,31,26,0.0,0.0,0.0,0.0,0.0,0.0,14.19163195994809,0.02106737425921025,2.6728902075540537,18.08834999999999
0.0,4,1,1,31,26,0.0,0.0,0.0,0.0,0.0,0.0,14.19163195994809,0.017907268120328713,2.539245697176351,17.690249999999992
0.0,5,1,1,31,26,0.0,0.0,0.0,0.0,0.0,0.0,13.70628571375596,0.015221177902279405,2.4122834123175334,16.97005999999999
0.0,6,1,1,31,26,0.0,0.0,0.0,0.0,0.0,0.0,13.146314299986562,0.012938001216937493,2.2916692417016566,16.136469999999974
0.0,7,1,1,31,26,0.0,0.0,0.0,0.0,0.0,0.0,10.600174888186226,0.010997301034396868,2.177085779616574,15.18689999999998
0.0,8,1,1,31,26,0.0,0.0,0.0,0.0,0.0,0.0,9.552746971279126,0.009347705879237337,2.0682314906357453,14.539899999999989
0.0,9,1,1,31,26,0.0,0.0,0.0,0.0,0.0,0.0,6.913663858264481,0.007945549997351736,1.964819916103958,14.36685
0.0,10,1,1,31,26,0.0,0.0,0.0,0.0,0.0,0.0,2.028283963684513,0.006753717497748975,1.86657892029876,14.200699999999983
0.0,11,1,1,31,26,0.0,0.0,0.0,0.0,0.0,0.0,0.0,0.0057406598730866286,1.773249974283822,14.15300000000002
0.0,12,1,1,31,26,0.0,0.0,0.0,0.0,0.0,0.0,0.0,0.004879560892123634,1.6845874755696308,14.20490000000001
0.0,13,1,1,31,26,0.0,0.0,0.0,0.0,0.0,0.0,0.0,0.0041476267583050895,1.6003581017911492,14.483979999999974
0.0,14,1,1,31,26,0.0,0.0,0.0,0.0,0.0,0.0,0.0,0.003525482744559326,1.5203401967015917,14.152859999999976
0.0,15,1,1,31,26,0.0,0.0,0.0,0.0,0.0,0.0,0.0,0.002996660332875427,1.444323186866512,13.809140000000014
0.0,16,1,1,31,26,0.0,0.0,0.0,0.0,0.0,0.0,0.0,0.0025471612829441126,1.3721070275231864,13.640840000000026
0.0,17,1,1,31,26,0.0,0.0,0.0,0.0,0.0,0.0,0.0,0.0021650870905024957,1.303501676147027,13.604300000000023
0.0,18,1,1,31,26,0.0,0.0,0.0,0.0,0.0,0.0,0.0,0.0018403240269271213,1.2383265923396756,14.06137000000001
0.0,19,1,1,31,26,0.0,0.0,0.0,0.0,0.0,0.0,0.0,0.001564275422888053,1.1764102627226918,15.298369999999977
0.0,20,1,1,31,26,0.0,0.0,0.0,0.0,0.0,0.0,0.0,0.001329634109454845,1.1175897495865572,16.507479999999987
0.0,21,1,1,31,26,0.0,0.0,0.0,0.0,0.0,0.0,0.0,0.0011301889930366183,1.0617102621072294,17.453700000000026
0.0,22,1,1,31,26,0.0,0.0,0.0,0.0,0.0,0.0,0.0,0.0009606606440811255,1.0086247490018678,17.9409
0.0,23,1,1,31,26,0.0,0.0,0.0,0.0,0.0,0.0,0.0,0.0008165615474689566,0.9581935115517743,18.28537
0.0,0,2,1,31,27,0.0,0.0,0.0,0.0,0.0,0.0,0.0,0.0006940773153486131,0.9102838359741856,18.474550000000022
0.0,1,2,1,31,27,0.0,0.0,0.0,0.0,0.0,0.0,0.0,0.0005899657180463211,0.8647696441754763,18.549530000000004
0.0,2,2,1,31,27,0.0,0.0,0.0,0.0,0.0,0.0,0.0,0.0005014708603393729,0.8215311619667025,18.752139999999997
0.0,3,2,1,31,27,0.0,0.0,0.0,0.0,0.0,0.0,0.0,0.000426250231288467,0.7804546038683673,18.66057999999998
0.0,4,2,1,31,27,0.0,0.0,0.0,0.0,0.0,0.0,0.0,0.00036231269659519694,0.7414318736749489,18.4461
0.0,5,2,1,31,27,0.0,0.0,0.0,0.0,0.0,0.0,0.0,0.00030796579210591737,0.7043602799912014,17.533479999999997
0.0,6,2,1,31,27,0.0,0.0,0.0,0.0,0.0,0.0,0.0,0.00026177092329002975,0.6691422659916413,16.620240000000024
0.0,7,2,1,31,27,0.0,0.0,0.0,0.0,0.0,0.0,0.0,0.0002225052847965253,0.6356851526920592,15.767460000000028
0.0,8,2,1,31,27,0.0,0.0,0.0,0.0,0.0,0.0,0.0,0.0001891294920770465,0.6039008950574561,15.311579999999992
0.0,9,2,1,31,27,0.0,0.0,0.0,0.0,0.0,0.0,0.0,0.0001607600682654895,0.5737058503045833,15.166780000000017
0.0,10,2,1,31,27,0.0,0.0,0.0,0.0,0.0,0.0,0.0,0.00013664605802566607,0.5450205577893541,15.034850000000006
0.0,11,2,1,31,27,0.0,0.0,0.0,0.0,0.0,0.0,0.0,0.00011614914932181616,0.5177695298998863,14.868130000000008
0.0,12,2,1,31,27,0.0,0.0,0.0,0.0,0.0,0.0,0.0,9.872677692354373e-05,0.491881053404892,14.684570000000008
0.0,13,2,1,31,27,0.0,0.0,0.0,0.0,0.0,0.0,0.0,8.391776038501217e-05,0.4672870007346474,14.570899999999995
0.0,14,2,1,31,27,0.0,0.0,0.0,0.0,0.0,0.0,0.0,7.133009632726035e-05,0.44392265069791503,14.433530000000019
0.0,15,2,1,31,27,0.0,0.0,0.0,0.0,0.0,0.0,0.0,6.063058187817129e-05,0.42172651816301926,14.309270000000026
0.0,16,2,1,31,27,0.0,0.0,0.0,0.0,0.0,0.0,0.0,5.1535994596445595e-05,0.4006401922548683,14.042880000000025
0.0,17,2,1,31,27,0.0,0.0,0.0,0.0,0.0,0.0,0.0,4.380559540697876e-05,0.38060818264212487,13.664150000000006
